id,t2m_mean,t2m_max,t2m_min,t2m_mean_before,t2m_max_before,t2m_min_before,t2m_mean_after,t2m_max_after,t2m_min_after
110000,272.21937958069066,286.8850416666666,258.84049999999996,267.7040365497076,272.23745833333334,258.84049999999996,275.7940261468856,286.8850416666666,263.59191666666675
120000,275.4032382546394,289.7409166666667,264.42512500000004,271.18378070175436,275.4629166666667,264.42512500000004,278.7436421506734,289.7409166666667,268.4801666666667
130100,275.007693534179,288.74095833333325,265.14158333333336,270.6510087719298,275.45795833333335,265.14158333333336,278.45673563762637,288.74095833333325,268.3022916666667
130200,274.3079757751937,288.674375,263.02479166666666,270.39232602339183,274.849625,263.02479166666666,277.40786516203696,288.674375,265.58820833333334
130300,273.0104955954899,287.3992083333333,261.4909166666667,269.24274342105264,273.9184583333334,261.4909166666667,275.99329940025245,287.3992083333333,262.46416666666664
130400,277.0849043634016,290.76662500000003,267.68337499999996,272.80469005847954,276.819375,267.68337499999996,280.47340735479787,290.76662500000003,270.9291666666666
130500,276.706473807846,290.5253333333334,267.192125,272.2630102339182,276.46279166666665,267.192125,280.22421580387214,290.5253333333334,270.8765
130600,273.70073669837916,287.54841666666664,261.78270833333335,269.2216681286549,273.65912499999996,261.78270833333335,277.24666598274416,287.54841666666664,266.6495416666666
130700,267.8756010981912,283.05133333333333,251.44570833333333,262.9880204678363,269.89858333333336,251.44570833333333,271.74493576388886,283.05133333333333,259.3275416666667
130800,267.92835570824525,282.2387083333333,253.3545833333334,263.325638888889,269.42558333333335,253.3545833333334,271.5721731902357,282.2387083333333,257.6459583333334
130900,276.78812130021134,290.67391666666674,266.27741666666674,272.543778508772,276.81333333333333,266.27741666666674,280.14822601010104,290.67391666666674,270.49620833333336
131000,275.5427561956779,290.3854166666667,265.073,271.10476754385974,275.58604166666663,265.073,279.056163878367,290.3854166666667,269.1184999999999
131100,277.1734376321354,291.42699999999996,267.13979166666667,272.4964992690058,277.074625,267.13979166666667,280.8760138362795,291.42699999999996,271.49779166666667
140100,271.7621378024431,284.94229166666656,258.8772083333334,267.64214766081886,272.62637499999994,258.8772083333334,275.0237966645622,284.94229166666656,263.95616666666666
140200,269.1782983908856,283.87466666666666,253.08475,264.31315643274854,271.0321666666666,253.08475,273.029869107744,283.87466666666666,261.1255416666667
140300,272.9788124265916,285.1358333333333,260.7672916666667,268.96552192982455,273.50016666666676,260.7672916666667,276.156000736532,285.1358333333333,265.63587499999994
140400,274.2534360465117,286.31920833333334,265.31200000000007,270.5738523391813,274.08137500000004,265.31200000000007,277.1664398148148,286.31920833333334,267.62741666666665
140500,275.59502851186284,288.3594583333333,267.3175833333333,271.87632894736834,275.7220833333333,267.3175833333333,278.5389990004208,288.3594583333333,269.18870833333335
140600,269.3971567712003,283.5948333333334,253.39245833333334,264.588100877193,271.93325,253.39245833333334,273.20432602062283,283.5948333333334,261.33570833333334
140700,273.93478180056377,286.97162499999996,263.878625,270.08825438596494,274.0113750000001,263.878625,276.97994933712124,286.97162499999996,266.7934583333334
140800,277.9271939159033,290.9955833333333,268.9770833333333,274.0090270467837,278.6008333333333,268.9770833333333,281.0290760206228,290.9955833333333,270.8950416666667
140900,269.9775224336387,283.3125416666667,254.790625,265.40577046783613,271.6310833333333,254.790625,273.59682607323225,283.3125416666667,261.7362083333333
141000,275.32109478506,288.314,265.3965416666667,271.472466374269,275.716125,265.3965416666667,278.36792561026937,288.314,267.454625
141100,272.8292565186752,286.45912500000003,259.83308333333326,268.5520168128654,273.5015,259.83308333333326,276.2154046191077,286.45912500000003,264.3633333333334
150100,267.9337059842613,283.53136363636366,252.57333333333338,262.8394736842106,271.65037500000005,252.57333333333338,271.966639888468,283.53136363636366,258.77937499999996
150200,267.11085705896176,283.6632916666667,251.70541666666668,261.9148260233918,271.07037499999996,251.70541666666668,271.224381628788,283.6632916666667,256.44495833333326
150300,271.56972313248764,286.9039090909091,257.9637916666666,266.73332236842106,274.47970833333335,257.9637916666666,275.39854040404043,286.9039090909091,259.91808333333336
150400,265.8776470225511,284.11958333333337,252.692125,261.1643830409356,268.16187500000007,253.20712500000002,269.60898100799676,284.11958333333337,252.692125
150500,266.72451814658206,284.968375,253.2759166666667,261.57671564327495,268.79412499999995,254.8358333333333,270.79986179503373,284.968375,253.2759166666667
150600,270.7093618745595,285.78968181818186,256.1429166666667,265.8115299707602,273.5127083333333,256.1429166666667,274.58681213173395,285.78968181818186,260.4362083333333
150700,257.963407329105,278.15549999999996,245.53179166666666,251.74909137426903,259.5273333333333,245.53179166666666,262.8830741266835,278.15549999999996,246.30825000000002
150800,268.2835925828047,285.37681818181824,252.961875,263.0554108187135,270.06670833333334,252.961875,272.42256981271044,285.37681818181824,257.97770833333334
150900,266.5523356824055,282.83025,250.0564166666666,261.3845657894737,270.0287083333333,250.0564166666666,270.64348684764315,282.83025,257.3070000000001
152200,262.45169984731035,280.4853333333333,248.89899999999992,257.47714839181293,265.1125416666668,249.3711666666666,266.3898864162459,280.4853333333333,248.89899999999992
152500,263.15786654334033,283.28341666666665,249.359875,258.04688011695913,265.11999999999995,249.359875,267.20406413089233,283.28341666666665,249.48624999999993
152900,270.83712171129906,287.2734090909091,258.4485416666667,265.7228450292398,273.4943333333333,258.4485416666667,274.88592408459596,287.2734090909091,260.9892916666667
210100,269.1624963295749,284.82974999999993,255.95379166666666,264.4108230994152,274.4227916666667,257.0064583333333,272.9242376367846,284.82974999999993,255.95379166666666
210200,273.2880479210711,283.0527916666667,261.0867916666666,270.79479897660815,276.37920833333334,263.5762916666667,275.26187000210444,283.0527916666667,261.0867916666666
210300,270.6772364634719,284.1781250000001,257.50529166666666,266.6924283625731,274.2232916666666,258.90708333333333,273.83187621001684,284.1781250000001,257.50529166666666
210400,267.7157422774254,282.5213750000001,253.80033333333333,263.0850116959064,271.57362500000005,255.03391666666673,271.38173732112796,282.5213750000001,253.80033333333333
210500,268.12417964529004,281.59274999999997,254.37974999999997,263.6945847953216,271.99525000000006,254.77929166666664,271.6309422348485,281.59274999999997,254.37974999999997
210600,270.23942838266396,282.14170833333327,257.9224166666667,266.4118552631579,273.13829166666665,258.4942083333333,273.269590435606,282.14170833333327,257.9224166666667
210700,270.62113134249466,284.69645833333334,258.39733333333334,266.31425730994147,273.9000416666666,259.13966666666676,274.03073995159934,284.69645833333334,258.39733333333334
210800,271.8809481442331,284.698125,259.042,268.52165058479534,275.638125,260.750125,274.54039204545444,284.698125,259.042
210900,269.0425092494715,284.56137500000006,256.1141666666667,264.3211469298246,272.14404166666674,257.2849166666667,272.780254419192,284.56137500000006,256.1141666666667
211000,270.33918316889816,285.4873333333333,256.76070833333335,266.0469766081871,274.96658333333335,258.022125,273.7371800294612,285.4873333333333,256.76070833333335
211100,271.4766544514918,284.6044583333334,259.13454166666673,267.5911820175439,275.32437500000003,260.2761666666667,274.5526534617004,284.6044583333334,259.13454166666673
211200,267.7712989781538,284.60729166666664,254.28450000000007,262.8155394736842,273.478,254.76712500000005,271.69460858585865,284.60729166666664,254.28450000000007
211300,269.9467902572236,285.858375,257.16245833333335,265.403048245614,272.4340833333333,257.6145416666667,273.5439193497475,285.858375,257.16245833333335
211400,271.83453714470284,286.265125,259.45966666666664,267.8708815789473,273.83587500000004,260.1030416666666,274.97243113425924,286.265125,259.45966666666664
220100,264.80717400751706,283.86920833333335,250.78562499999998,259.4135884502924,270.97762500000005,250.78562499999998,269.0770959069866,283.86920833333335,251.56187500000001
220200,264.8818513918253,281.9507916666666,250.51249999999996,259.89408406432756,271.1872916666667,250.90229166666663,268.8305005260943,281.9507916666666,250.51249999999996
220300,266.344714822645,284.23020833333334,252.8010833333333,261.11556725146204,272.00000000000006,253.0124166666666,270.48445664983166,284.23020833333334,252.8010833333333
220400,266.7568165961944,283.60624999999993,252.87141666666665,261.9940994152047,271.54425,253.49508333333335,270.5273010311448,283.60624999999993,252.87141666666665
220500,266.0863270789288,281.2262083333333,251.89383333333333,261.12116959064326,270.98125000000005,252.99775,270.01707675715494,281.2262083333333,251.89383333333333
220600,264.02801010101007,279.0240833333334,248.04162499999998,259.30834649122806,270.753,250.14249999999996,267.7644104587541,279.0240833333334,248.04162499999998
220700,264.72329842024897,283.704375,251.32366666666675,259.17292763157906,269.91587499999997,251.32366666666675,269.11734196127946,283.704375,251.88620833333334
220800,264.8287195501527,285.36758333333336,252.381,259.19164108187124,267.546625,252.6011666666667,269.2914066708754,285.36758333333336,252.381
222400,265.2830812778952,279.3032083333334,251.25245833333327,261.1586907894737,271.13666666666666,254.00741666666667,268.5482237478956,279.3032083333334,251.25245833333327
230100,262.79255819826164,281.9252916666666,249.58420833333335,257.28162719298246,269.594375,249.58420833333335,267.15537857744107,281.9252916666666,250.83333333333334
230200,261.3194860817476,281.50424999999996,249.23595833333331,255.37768494152047,264.2405833333333,249.23595833333331,266.0234119844275,281.50424999999996,250.46754166666665
230300,263.9484071529246,280.68920833333334,252.35804166666662,258.8453040935672,268.2167083333333,252.35804166666662,267.9883637415826,280.68920833333334,254.17533333333333
230400,261.1772258632839,279.82604166666675,248.01512499999993,255.1291111111111,263.58820833333334,248.01512499999993,265.96531670875424,279.82604166666675,251.3847916666667
230500,263.0350946969697,280.64175000000006,250.75020833333335,257.3215343567251,267.2141666666667,250.75020833333335,267.55832996633,280.64175000000006,253.07516666666663
230600,262.61381283767935,282.7274583333333,249.80370833333333,256.7955270467836,266.8117916666667,249.80370833333333,267.21995575547135,282.7274583333333,250.43533333333332
230700,259.6563612285647,279.6820833333333,246.14274999999995,253.76554532163743,264.3889583333333,246.14274999999995,264.3199238215488,279.6820833333333,248.6849166666666
230800,261.9730746417666,280.2385,249.509625,255.8429173976608,265.4732083333333,249.509625,266.82611579335014,280.2385,251.94691666666674
230900,263.23760253699777,280.8294166666667,251.64087500000002,258.1593274853801,268.413125,251.64087500000002,267.25790361952863,280.8294166666667,253.035875
231000,263.8612003758515,280.93254166666674,251.20766666666668,259.13105921052636,270.2241249999999,252.42245833333334,267.6058954650673,280.93254166666674,251.20766666666668
231100,259.2659073878317,280.0227916666667,245.65475000000004,252.94404312865493,261.6922916666667,245.65475000000004,264.27071659301345,280.0227916666667,249.35983333333334
231200,261.39082061898057,281.19666666666666,248.4004166666667,255.43826169590645,266.6274583333333,248.4004166666667,266.1032630997475,281.19666666666666,249.76991666666672
232700,256.36195701198034,276.86341666666664,240.86450000000002,249.60687207602345,256.1403333333334,240.86450000000002,261.7097325862794,276.86341666666664,247.75225000000003
310000,282.5835224630022,292.03333333333336,275.97737499999994,281.56240643274856,288.7685833333333,276.30041666666665,283.3919059869529,292.03333333333336,275.97737499999994
320100,281.5049373385014,294.0653333333333,273.02037500000006,279.30389108187137,286.78429166666666,273.02037500000006,283.24743229166666,294.0653333333333,274.163375
320200,281.8451291989664,294.20745833333336,274.051875,280.0491096491227,287.99783333333335,274.051875,283.2669780092593,294.20745833333336,275.1890416666667
320300,279.55974782710837,292.5705833333334,270.736125,276.6903428362573,281.92049999999995,270.736125,281.831360111532,292.5705833333334,272.22920833333336
320400,281.7034747474746,294.3722916666666,273.61337499999996,279.75216154970764,288.013875,273.61337499999996,283.24826436237373,294.3722916666666,274.97587500000003
320500,282.18405919661745,293.6487916666666,275.00120833333335,280.5966630116959,288.04366666666664,275.00120833333335,283.44074784301336,293.6487916666666,275.881125
320600,281.3128707716701,292.4357083333333,274.10945833333335,280.1117178362574,287.737,274.3874583333333,282.26378351220546,292.4357083333333,274.10945833333335
320700,279.21695152102427,291.3245833333333,270.85970833333334,276.95985745614036,283.18862500000006,270.85970833333334,281.0038176557239,291.3245833333333,271.8735416666667
320800,280.4671134014565,292.700375,271.84,278.1356834795321,284.1675833333333,271.84,282.3128287563131,292.700375,273.06445833333333
320900,280.2382217524077,291.90124999999995,272.15725000000003,278.6470000000001,286.4575833333334,272.15725000000003,281.49793897306404,291.90124999999995,272.26366666666667
321000,280.88890498003286,293.1127916666667,272.527875,278.9074729532163,285.9185833333334,272.527875,282.4575386679294,293.1127916666667,273.57141666666666
321100,281.34263072586316,294.1363333333333,273.0550416666666,279.3605197368421,287.1350416666666,273.0550416666666,282.9118019255051,294.1363333333333,274.28445833333336
321200,280.8754790345313,293.50775000000004,272.22841666666665,279.11873611111093,287.2364166666666,272.22841666666665,282.2662338489058,293.50775000000004,273.44849999999997
321300,280.0070202313834,292.3385416666667,271.2480833333334,277.4557002923976,282.8966666666666,271.2480833333334,282.02681518308077,292.3385416666667,272.54625000000004
330100,282.0774147580455,292.90825,275.11945833333334,280.3334583333333,288.43054166666667,275.11945833333334,283.45804692760953,292.90825,275.23579166666667
330200,283.39616549213054,293.1887083333333,276.7729166666667,282.50127339181284,291.20429166666673,277.720875,284.10462173821566,293.1887083333333,276.7729166666667
330300,284.06602390180865,293.29658333333333,276.1061666666666,283.29556725146193,291.3533750000001,278.10695833333335,284.67596875000004,293.29658333333333,276.1061666666666
330400,282.81208503641074,293.7934166666667,275.7046666666667,281.3747266081872,289.8690833333333,275.7046666666667,283.9499937920876,293.7934166666667,276.7473333333333
330500,282.0319828517734,294.10016666666667,274.07758333333334,280.16906140350875,288.657,274.07758333333334,283.50679566498326,294.10016666666667,275.650875
330600,282.99900408151274,294.03675,276.0107916666666,281.4548479532164,290.7010833333334,276.0107916666666,284.22146101641414,294.03675,276.17775
330700,283.396522374912,293.94975000000005,275.90691666666675,281.902884502924,290.48425000000003,276.7940833333333,284.5789856902357,293.94975000000005,275.90691666666675
330800,283.418832276251,294.20525000000004,275.88037499999996,281.86759722222223,290.22025,278.01679166666673,284.6468933606902,294.20525000000004,275.88037499999996
330900,283.7992051620859,289.45475000000005,277.6131666666667,284.2464649122806,289.45475000000005,279.4102083333334,283.4451245265152,288.5294166666667,277.6131666666667
331000,283.68772116513986,294.04249999999996,275.96225,282.62921929824563,291.4427916666667,277.27366666666666,284.5257018097643,294.04249999999996,275.96225
331100,283.429930878553,293.1745833333334,275.2175416666667,282.21363815789476,290.42116666666664,277.58216666666664,284.3928292824074,293.1745833333334,275.2175416666667
340100,281.4175521200375,294.19179166666663,273.2925833333334,278.78082602339185,284.88304166666666,273.2925833333334,283.504960279882,294.19179166666663,273.4676666666666
340200,281.9510820707071,294.0770833333334,273.8253333333333,279.5316315789473,285.8153333333333,273.8253333333333,283.86648037668334,294.0770833333334,274.645875
340300,280.58880355884406,293.51424999999995,271.8024583333334,277.82961184210524,283.14966666666663,271.8024583333334,282.77316366792934,293.51424999999995,272.71554166666664
340400,280.99137127084805,293.96175,272.75883333333337,278.21075292397654,283.74062499999997,272.75883333333337,283.1926941287879,293.96175,273.1180833333333
340500,281.55212177002596,294.0034166666666,273.11508333333336,279.2105073099415,285.8636666666666,273.11508333333336,283.40589988425916,294.0034166666666,273.99929166666664
340600,280.1162492071882,293.41445833333324,271.335625,277.20251242690057,282.2713333333333,271.335625,282.42295749158245,293.41445833333324,272.4807916666666
340700,281.85619503171256,293.6330000000001,273.96695833333337,279.28749195906425,285.15204166666666,273.96695833333337,283.88975163089236,293.6330000000001,274.28329166666657
340800,281.187826432934,292.5625416666666,273.87695833333333,278.7263486842105,285.541875,273.884625,283.13649631734,292.5625416666666,273.87695833333333
341000,281.7431036234438,292.2971666666666,274.33212499999996,279.554019005848,287.8141666666666,274.92654166666665,283.4761289457071,292.2971666666666,274.33212499999996
341100,280.877989546629,294.00758333333334,272.228125,278.39507017543855,284.42633333333333,272.228125,282.84363404882146,294.00758333333334,272.9690416666667
341200,280.649613959361,293.78887499999996,272.2768333333334,277.6696184210526,283.37920833333334,272.2768333333334,283.00877709385526,293.78887499999996,273.00708333333336
341300,280.001122944562,293.24641666666656,271.11820833333337,277.07193421052625,282.1463333333334,271.11820833333337,282.32006402567333,293.24641666666656,272.39162500000003
341500,280.7320210241955,293.49983333333336,272.44625,277.88067616959063,283.0434166666666,273.44649999999996,282.9893357007575,293.49983333333336,272.44625
341600,280.33402786586817,293.732875,271.62616666666673,277.3512916666667,282.1276666666667,271.62616666666673,282.69536069023565,293.732875,272.844625
341700,282.2017403100775,293.65670833333337,274.8386666666667,279.64370540935676,286.6596666666667,274.92479166666664,284.2268512731482,293.65670833333337,274.8386666666667
341800,281.73564605355887,293.71887499999997,273.50212500000004,279.5077975146198,287.82954166666667,273.50212500000004,283.4993594802189,293.71887499999997,274.52200000000005
350100,286.2752630079869,295.42045833333333,278.43779166666667,286.05692836257316,293.43154166666665,280.43154166666665,286.4481112689396,295.42045833333333,278.43779166666667
350200,287.9859713706836,297.02320833333334,280.73158333333333,287.6706937134503,293.7181666666666,281.289375,288.2355661826599,297.02320833333334,280.73158333333333
350300,286.75461930350014,295.8692916666667,279.31200000000007,286.5877163742689,293.51633333333336,280.9083333333333,286.88675078914133,295.8692916666667,279.31200000000007
350400,285.6635873561195,294.47583333333336,275.9724166666667,284.6584283625731,291.8399166666666,278.76466666666664,286.4593382260102,294.47583333333336,275.9724166666667
350500,287.4088915022317,295.9933333333333,279.37641666666667,287.1380599415205,293.5290833333334,281.1979166666667,287.62329982112783,295.9933333333333,279.37641666666667
350600,288.6212047216349,295.9954583333333,281.6535833333333,288.31212792397656,293.83387500000003,282.3353333333333,288.8658905197812,295.9954583333333,281.6535833333333
350700,284.86665903218227,293.96425,276.0007916666667,283.73058991228066,290.94845833333335,278.75854166666664,285.7660470854377,293.96425,276.0007916666667
350800,286.6000314188396,294.9340833333334,276.941,285.8702200292399,292.6045,279.16154166666666,287.17779876893945,294.9340833333334,276.941
350900,284.7324308785529,293.98325,276.2984583333334,284.1969890350877,291.7956666666667,278.30025,285.15632233796293,293.98325,276.2984583333334
360100,283.90604398637527,295.6366249999999,277.37774999999993,281.7915650584795,290.5614583333333,277.65508333333327,285.5800064709597,295.6366249999999,277.37774999999993
360200,283.6901156037115,293.9317083333333,276.19649999999996,281.60014035087715,290.3699166666667,276.5600416666667,285.3446793455389,293.9317083333333,276.19649999999996
360300,283.8698614341085,297.95220833333343,275.6067083333334,281.5565540935672,289.7217916666667,275.6067083333334,285.70122974537037,297.95220833333343,276.8294583333334
360400,282.5399747768381,294.0562499999999,275.525875,280.1744400584795,286.94104166666665,275.5917916666666,284.4126897622055,294.0562499999999,275.525875
360500,283.97039787408977,295.93375,277.5474166666667,281.93033260233915,291.4033333333333,277.76025,285.58544954755894,295.93375,277.5474166666667
360600,284.8994091789991,296.7915,277.1900416666667,282.88649415204674,292.6012083333333,277.70379166666675,286.49296690867016,296.7915,277.1900416666667
360700,285.775555584919,295.2605,277.79412499999995,284.3919685672514,292.9482916666666,278.532,286.8708953072391,295.2605,277.79412499999995
360800,284.5621917430115,296.971875,277.55191666666667,282.6428881578948,292.52770833333335,277.55191666666667,286.0816404145622,296.971875,277.635375
360900,283.2764036586798,294.78062500000004,276.4395,281.1694897660819,289.94483333333335,276.4395,284.94437715698655,294.78062500000004,276.54279166666674
361000,284.6492716701903,296.624375,276.787875,282.6967967836257,292.527375,277.3980833333333,286.1949809553873,296.624375,276.787875
361100,284.17049521376555,294.87695833333333,276.60245833333335,282.29937061403507,290.90633333333335,277.52445833333337,285.6518021885521,294.87695833333333,276.60245833333335
370100,277.9448916196852,290.91091666666676,267.79658333333333,274.158100877193,279.1869166666666,267.79658333333333,280.94276762415836,290.91091666666676,270.8704583333333
370200,277.6563321587973,289.01712499999996,269.82620833333334,275.17211695906434,280.7857916666666,269.82620833333334,279.62300252525256,289.01712499999996,269.85408333333334
370300,277.2813705367629,289.9255416666667,267.3900833333334,273.88137280701756,278.7946666666667,267.3900833333334,279.97303540614473,289.9255416666667,269.0028333333334
370400,279.1236853417899,291.91704166666676,270.56204166666663,276.0987141812864,280.86662500000006,270.56204166666663,281.5184541771887,291.91704166666676,271.6619166666666
370500,277.4302209302327,290.66762500000004,268.3494583333333,274.1617945906433,278.8027916666667,268.3494583333333,280.0177251157409,290.66762500000004,269.73008333333337
370600,276.8574558668075,286.796875,267.8567499999999,274.93136988304093,279.787625,270.1884166666667,278.38227393728965,286.796875,267.8567499999999
370700,277.65032238078464,290.42479166666664,269.163,274.683634502924,279.74666666666667,269.163,279.9989502840909,290.42479166666664,269.7283333333333
370800,278.91313131313143,291.3116666666667,270.520125,275.47409868421056,280.00575000000003,270.520125,281.6356988110269,291.3116666666667,271.6089583333334
370900,277.876513976979,289.84820833333333,268.89504166666666,274.3774883040935,278.5772916666667,268.89504166666666,280.6465759680135,289.84820833333333,270.731375
371000,276.8689352243363,285.548125,267.6701666666667,275.1661937134503,282.0549166666667,269.75837499999994,278.21693892045465,285.548125,267.6701666666667
371100,277.7067637127085,289.6600416666666,269.5261666666667,275.0636023391814,280.843,269.5261666666667,279.79926646675085,289.6600416666666,270.0192083333334
371200,276.7912924301151,288.46025000000003,267.1937500000001,273.55498318713444,277.81479166666674,267.1937500000001,279.35337058080813,288.46025000000003,269.0169583333333
371300,277.77666930937283,289.63758333333334,269.43845833333324,274.95255701754394,279.7175,269.43845833333324,280.0124248737373,289.63758333333334,270.12475
371400,277.7256290521495,291.10762500000004,267.42387499999995,273.54754970760234,278.08475,267.42387499999995,281.0332751999158,291.10762500000004,271.27983333333333
371500,278.3562505579048,292.0001666666667,268.7615,274.1357397660819,278.915875,268.7615,281.6974882680976,292.0001666666667,272.0330833333333
371600,277.4195061369509,290.1885416666667,267.50408333333337,273.84785818713453,278.0458333333334,267.50408333333337,280.24706076388884,290.1885416666667,270.39445833333326
371700,279.480535764623,293.30070833333343,271.05337499999996,275.84101973684216,280.6407916666667,271.05337499999996,282.3618192866161,293.30070833333343,272.7835833333333
410100,279.67283377378453,292.9359999999999,270.95883333333336,276.12879970760235,281.636875,271.05304166666673,282.4785274095118,292.9359999999999,270.95883333333336
410200,279.9119911322526,293.6629583333334,271.41100000000006,276.29258918128653,280.88058333333333,271.41100000000006,282.77735101010114,293.6629583333334,272.4983333333333
410300,278.09254501409447,290.3978333333334,269.74875000000003,274.65896271929824,279.52320833333334,270.0500833333333,280.8107976641415,290.3978333333334,269.74875000000003
410400,279.6700614575993,292.01279166666666,271.3916249999999,276.38014766081875,281.55408333333327,271.3916249999999,282.27457654671707,292.01279166666666,271.4705833333333
410500,278.1079038054968,291.9334166666667,269.26591666666667,273.95890423976607,278.197,269.26591666666667,281.39252846170035,291.9334166666667,270.9062083333334
410600,278.4301317829458,291.9055,269.5572916666667,274.4994912280702,279.2303333333333,269.5572916666667,281.54188888888893,291.9055,270.65254166666665
410700,278.64648017970404,291.64283333333333,270.5344166666667,274.9465314327486,279.86625,270.5344166666667,281.57560627104374,291.64283333333333,270.9108333333333
410800,278.5105268675123,291.8040833333334,269.6204583333333,274.8502916666667,280.04750000000007,269.6204583333333,281.40821306818174,291.8040833333334,270.47666666666663
410900,278.9510221693682,293.34937500000007,270.0275833333333,274.8667207602338,279.7027500000001,270.0275833333333,282.18442745159933,293.34937500000007,272.4362916666667
411000,279.9519236551562,293.21083333333326,271.46954166666666,276.5894963450293,281.6518333333333,271.46954166666666,282.61384527567344,293.21083333333326,271.9072083333333
411100,280.44334610641306,293.88558333333333,272.1385833333333,277.0544057017544,282.523375,272.1385833333333,283.12625726010106,293.88558333333333,273.5622916666667
411200,277.29366560958437,288.94795833333325,269.4211666666667,273.85910745614035,278.28641666666664,269.4211666666667,280.0126908143939,288.94795833333325,270.56891666666667
411300,279.86233800211414,291.0870833333333,272.0102083333333,276.7662697368421,281.77179166666673,272.0102083333333,282.3133920454546,291.0870833333333,272.95320833333335
411400,279.9979157857646,293.5362916666667,271.3479166666667,276.67491666666666,280.8314583333333,271.3479166666667,282.6286234217172,293.5362916666667,273.104125
411500,280.8408159208363,293.3297083333334,272.9140416666667,277.8296498538012,283.87604166666665,273.44145833333334,283.22465572390564,293.3297083333334,272.9140416666667
411600,280.36587326755927,293.9752916666666,271.86158333333333,277.04141228070165,282.229125,271.86158333333333,282.9977382154882,293.9752916666666,273.7545416666667
411700,280.5373786116983,292.91729166666664,272.53662499999996,277.3806454678362,283.08608333333336,272.53662499999996,283.03645901725594,292.91729166666664,274.1052916666667
419001,276.7606508104298,290.5931250000001,267.73337499999997,273.07958698830413,277.3288333333334,267.73337499999997,279.67482633627935,290.5931250000001,268.79966666666667
420100,282.3784244773314,294.0890833333333,274.2527916666666,279.4713377192982,284.292625,274.44370833333335,284.6798681607743,294.0890833333333,274.2527916666666
420200,282.7342342905802,295.046625,275.1759583333333,280.16093567251454,285.830125,275.42124999999993,284.77142902988226,295.046625,275.1759583333333
420300,278.93334637068364,289.74924999999996,271.6234583333333,276.0436703216374,280.8776666666667,271.6234583333333,281.2210065761784,289.74924999999996,272.4617083333333
420500,279.9341830514448,290.646,272.7018333333333,277.4238516081872,282.4357083333333,272.79116666666664,281.9215287773569,290.646,272.7018333333333
420600,280.44420886187453,291.78604166666656,272.4224166666667,277.5327638888889,282.43412500000005,272.4224166666667,282.74910279882147,291.78604166666656,273.0384166666667
420700,282.9429153159503,294.69166666666666,275.11975,280.12230774853805,285.5294999999999,275.11975,285.1758963068182,294.69166666666666,275.3029583333334
420800,281.75276882194044,293.585625,273.8064166666667,278.8504210526316,283.56725,273.8064166666667,284.05046080597657,293.585625,274.27837500000004
420900,281.5607654745125,293.29962500000005,273.2625,278.62292324561406,283.2815,273.7676666666667,283.8865572390573,293.29962500000005,273.2625
421000,282.58746112285655,294.5392083333333,274.72904166666666,279.8817982456141,284.3498333333334,274.72904166666666,284.7294442340068,294.5392083333333,274.81708333333336
421100,281.7126852243363,293.4897916666667,273.8498333333334,279.03919956140356,284.44708333333335,274.46625000000006,283.82919470749164,293.4897916666667,273.8498333333334
421200,282.55842826521024,294.73625,274.3889166666666,279.87894371345027,285.0950416666666,275.01254166666666,284.6796868686868,294.73625,274.3889166666666
421300,280.8490303911204,292.876125,272.77341666666666,277.82618055555554,282.77804166666664,272.77341666666666,283.2421198442762,292.876125,273.10391666666663
422800,279.64964132605115,290.07525,273.567,277.6421542397661,282.3317083333334,274.40108333333336,281.2389019360269,290.07525,273.567
429004,282.3777764270614,293.66450000000003,274.1077916666666,279.63660964912276,284.1284166666666,274.29470833333335,284.5478667929293,293.66450000000003,274.1077916666666
429005,282.3721642295044,294.02174999999994,274.6394583333333,279.619201754386,283.7567916666667,274.68387499999994,284.55159285563974,294.02174999999994,274.6394583333333
429006,282.1569749530187,293.35954166666664,274.14799999999997,279.3795855263158,284.15579166666663,274.4072916666667,284.35574158249176,293.35954166666664,274.14799999999997
429021,276.62790389358696,287.8829583333333,267.7844166666667,274.14624780701746,279.2575,269.84270833333335,278.5925482954545,287.8829583333333,267.7844166666667
430100,283.1910203194739,296.80800000000005,275.64112500000005,280.70333114035094,286.1434583333333,275.7924583333333,285.1604409196128,296.80800000000005,275.64112500000005
430200,284.1121116396524,298.588875,275.81379166666653,281.76114692982463,289.96833333333336,275.81379166666653,285.9732920349325,298.588875,276.89275
430300,283.34892961592664,298.1255833333334,276.01962499999996,280.8092894736842,286.79141666666663,276.01962499999996,285.35947806186874,298.1255833333334,276.0897916666666
430400,284.06231853417916,298.78366666666676,276.09341666666666,281.6718808479533,290.24495833333333,276.09341666666666,285.9547483691077,298.78366666666676,277.0925833333334
430500,282.5181076462298,296.60575,275.0734583333334,280.2758311403509,288.70441666666665,275.3467083333333,284.2932432133838,296.60575,275.0734583333334
430600,282.9855304792108,295.78225000000003,275.105375,280.40466447368414,285.238875,275.91429166666666,285.02871606691923,295.78225000000003,275.105375
430700,282.0674020436926,294.2490833333333,274.546125,279.5319020467837,284.72599999999994,274.546125,284.0746728745792,294.2490833333333,274.7555416666667
430800,280.77272216349553,291.661625,274.0461666666667,278.45093859649126,283.71808333333337,274.0461666666667,282.6108008207069,291.661625,274.52725000000004
430900,282.3622268322763,295.9725,274.70620833333334,279.78283771929824,285.29604166666667,274.91791666666677,284.4042432133837,295.9725,274.70620833333334
431000,284.1855533826638,296.7961666666666,275.4759166666667,282.15125219298227,291.8108333333334,275.4759166666667,285.7960418244949,296.7961666666666,275.9622916666666
431100,283.9262034883721,296.6892083333333,275.55925,281.8958326023392,291.8826666666667,275.55925,285.5335804398147,296.6892083333333,275.8874166666667
431200,282.43974779774464,296.0289583333334,275.40649999999994,280.0416257309941,286.5219583333334,275.40649999999994,284.3382611005893,296.0289583333334,275.66262499999993
431300,282.2418293105474,296.6056250000001,274.7115833333333,279.7650709064327,285.7776666666667,274.7655,284.2025963804714,296.6056250000001,274.7115833333333
433100,281.49077839440906,293.12441666666666,275.16479166666664,279.2393676900585,284.4712916666667,275.16479166666664,283.27314520202026,293.12441666666666,275.48025
440100,290.6395381136949,298.02479166666666,282.77012500000006,290.20108625730995,295.8739583333334,283.7616249999999,290.98664583333334,298.02479166666666,282.77012500000006
440200,286.1793728271082,295.030875,277.7504166666667,285.0040073099414,292.63175000000007,279.03387499999997,287.1098705281986,295.030875,277.7504166666667
440300,291.7070092201082,297.0895833333333,283.48145833333336,291.3280869883042,295.82187500000003,285.60708333333326,292.0069893202861,297.0895833333333,283.48145833333336
440400,291.6685137127085,297.278875,283.2121666666667,291.1800438596492,295.28499999999997,284.79829166666667,292.05521901304724,297.278875,283.2121666666667
440500,290.7261160147992,297.4134583333333,283.194625,290.3857587719299,295.23533333333336,285.377,290.9955654987373,297.4134583333333,283.194625
440600,290.91796819943613,298.52708333333334,283.0772083333333,290.4547192982455,296.116875,283.72608333333335,291.28470691287873,298.52708333333334,283.0772083333333
440700,291.31800064599486,297.582,282.66129166666667,290.8731695906432,295.4428749999999,284.0977500000001,291.67015856481476,297.582,282.66129166666667
440800,293.36925713530667,299.65883333333335,284.46225,292.6770497076023,296.5865416666666,285.7572083333334,293.9172546822391,299.65883333333335,284.46225
440900,291.3442558726804,297.62870833333335,282.168125,290.6940752923977,295.73391666666663,283.15820833333333,291.858982165404,297.62870833333335,282.168125
441200,288.88251007164666,297.22950000000003,280.3935416666667,288.18927850877185,294.436375,281.2079999999999,289.43131839225583,297.22950000000003,280.3935416666667
441300,290.33120962532286,297.2555833333333,281.96175000000005,289.91945614035086,295.35041666666666,283.749375,290.65718113425925,297.2555833333333,281.96175000000005
441400,288.8434550446322,296.341125,280.27912499999996,288.26677850877195,294.372875,281.82858333333337,289.2999906355219,296.341125,280.27912499999996
441500,290.43905843316895,296.8732916666667,282.6152916666667,290.06599707602334,295.0817083333333,284.4748333333333,290.7343986742424,296.8732916666667,282.6152916666667
441600,288.38791205661255,296.43212500000004,279.91408333333334,287.71358187134507,294.1744166666667,281.30354166666666,288.9217567866162,296.43212500000004,279.91408333333334
441700,290.81593211181587,296.92416666666674,281.84345833333333,290.31906725146195,295.06483333333335,283.2188333333334,291.20928345959595,296.92416666666674,281.84345833333333
441800,286.94297272140005,295.7727499999999,278.0373333333333,285.9068830409357,292.5557916666666,279.0901666666667,287.76321038510093,295.7727499999999,278.0373333333333
441900,291.71691073525955,297.9581666666667,283.5055416666667,291.36607821637426,296.6698333333333,285.3912916666667,291.99465314604373,297.9581666666667,283.5055416666667
442000,291.93655681818194,298.44504166666667,283.5068333333333,291.45386622807024,296.43958333333336,284.8942083333333,292.3186868686869,298.44504166666667,283.5068333333333
445100,289.638779627672,296.6283333333333,281.56587499999995,289.2359203216375,294.55675,283.8761666666667,289.9577099116161,296.6283333333333,281.56587499999995
445200,289.69662085976046,297.04508333333337,281.60241666666667,289.2996688596492,295.09345833333333,283.3135416666667,290.01087452651507,297.04508333333337,281.60241666666667
445300,290.1858658386189,297.8494583333334,281.51525,289.6029641812866,295.31733333333324,282.1393333333333,290.6473296506733,297.8494583333334,281.51525
450100,289.32965521494003,297.54749999999996,281.75208333333325,288.38683552631585,295.0284166666666,281.75208333333325,290.076054135101,297.54749999999996,282.444875
450200,285.86203975804557,295.9787083333334,277.949,284.23556871345033,293.588,277.949,287.1496626683502,295.9787083333334,278.81766666666664
450300,284.7339579222458,295.37825000000004,276.86141666666657,283.09883260233926,292.4057083333334,277.3160833333333,286.02843213383835,295.37825000000004,276.86141666666657
450400,288.9327237491191,297.6079583333334,280.7030416666667,288.1850694444444,294.7432916666666,281.4019166666667,289.52461674031986,297.6079583333334,280.7030416666667
450500,292.2849587150574,298.7643750000001,284.17979166666663,291.5827616959064,296.37595833333336,284.17979166666663,292.84086468855213,298.7643750000001,284.2129166666667
450600,289.9800523843082,297.58629166666674,282.8180833333333,289.0492054093568,294.47387499999996,282.8180833333333,290.7169729061448,297.58629166666674,283.09425
450700,290.87491857528755,297.97675,282.8183333333333,290.1544510233918,295.73029166666663,282.8183333333333,291.4452887205388,297.97675,283.33370833333333
450800,289.24767670895,297.96066666666667,281.6735833333334,288.4411271929825,295.41566666666665,281.9358333333334,289.88619507575754,297.96066666666667,281.6735833333334
450900,290.4935303323938,297.9409166666667,282.2308333333334,289.82494152046786,295.6055,282.7874583333333,291.0228298085016,297.9409166666667,282.2308333333334
451000,287.5332571646699,296.5276666666667,279.73583333333335,286.07394005847954,292.1517083333333,279.73583333333335,288.68854987373726,296.5276666666667,280.74329166666666
451100,286.35809017500594,295.6585833333333,277.86825,285.211778508772,292.8029583333334,278.8676249999999,287.26558691077446,295.6585833333333,277.86825
451200,286.43583571176873,296.2638333333333,278.4185416666666,284.9752441520467,292.15675000000005,278.4185416666666,287.5921373632154,296.2638333333333,279.40391666666665
451300,288.18585717641525,297.6349166666667,280.305875,287.13103947368415,294.9910833333333,280.305875,289.02092119107743,297.6349166666667,280.71754166666665
451400,289.7247780126849,297.7221666666667,282.8605833333333,288.7568888888889,294.60125,282.8605833333333,290.4910235690235,297.7221666666667,283.2195833333333
460100,295.0744585095139,300.01000000000005,288.30933333333326,294.3941725146199,296.51708333333335,289.7033333333333,295.6130182554714,300.01000000000005,288.30933333333326
460200,295.250753288701,299.16662500000007,288.85229166666664,294.58668859649134,296.76849999999996,289.46408333333335,295.77647117003374,299.16662500000007,288.85229166666664
460400,295.4173778776134,300.43879166666665,287.8969166666667,294.75126096491226,297.39775,289.18412500000005,295.94472043350174,300.43879166666665,287.8969166666667
469001,292.9875298332157,298.18024999999994,284.7814166666667,292.0320087719299,295.14058333333327,285.71529166666664,293.743984006734,298.18024999999994,284.7814166666667
469002,294.89916666666664,299.9202083333333,287.1063333333333,294.00592470760233,297.1419583333333,287.7525,295.606316550926,299.9202083333333,287.1063333333333
469005,295.2208712414845,299.9884583333333,288.2649166666667,294.6217565789474,296.6682083333333,290.00112499999994,295.69517034932653,299.9884583333333,288.2649166666667
469006,293.94312693798446,298.709875,286.7847083333333,293.0383333333333,295.8715416666667,287.2212916666667,294.6594218750001,298.709875,286.7847083333333
469007,296.2003494832042,301.0904166666667,288.62945833333333,295.5357668128655,298.0357083333334,289.90608333333336,296.7264774305555,301.0904166666667,288.62945833333333
469021,295.4476062955132,300.98504166666663,287.60029166666664,294.51814327485386,297.437625,288.6917083333333,296.1834311868686,300.98504166666663,287.60029166666664
469022,295.03983615221983,300.870125,286.68216666666666,294.1019437134502,297.5411666666666,287.59908333333334,295.7823343329125,300.870125,286.68216666666666
469023,295.149937749589,300.1798749999999,287.1326666666667,294.44386184210526,296.96262499999995,288.7323750000001,295.7089145096801,300.1798749999999,287.1326666666667
469024,294.90181876908616,299.23962499999993,287.6862500000001,294.4445709064327,296.47795833333333,289.3928333333333,295.26380666035357,299.23962499999993,287.6862500000001
469025,294.7464672304439,299.949375,286.450875,293.89164912280705,297.159875,287.519375,295.4231982323232,299.949375,286.450875
469026,295.8144578047922,300.637,288.4979166666667,295.179048245614,297.8698333333333,289.67049999999995,296.3174903724747,300.637,288.4979166666667
469027,294.754406741837,299.1154583333334,287.6460416666667,293.9895913742689,296.6357916666667,288.10612499999996,295.35988557449497,299.1154583333334,287.6460416666667
469028,293.22237244538394,297.6720000000001,285.7185416666667,292.40044152046784,295.525,287.13437500000003,293.8730677609426,297.6720000000001,285.7185416666667
469029,293.1966203312191,297.62804166666666,285.4789166666667,292.4062792397661,295.49275,286.80383333333333,293.82230702861966,297.62804166666666,285.4789166666667
469030,293.3095490956074,298.83362500000004,285.2947083333333,292.25619883040935,295.4905833333333,286.0625416666667,294.1434513888888,298.83362500000004,285.2947083333333
500000,282.2466075581395,292.90900000000005,276.0545,280.29048976608175,283.8465,278.009,283.7952008101852,292.90900000000005,276.0545
510100,280.49976782358465,291.7894166666666,274.9998333333333,278.29440131578946,281.8160833333334,275.72304166666675,282.24568297558926,291.7894166666666,274.9998333333333
510300,284.98260556142833,295.8736666666667,279.474375,282.93653435672513,286.25925,280.3891666666667,286.60241193181804,295.8736666666667,279.474375
510400,283.94994805614294,293.20345833333334,274.6171666666667,281.1838413742689,284.66354166666673,274.6171666666667,286.1397825126262,293.20345833333334,277.808625
510500,283.61872257458293,294.12229166666674,276.6609583333333,281.70168713450295,285.02637500000003,278.47337500000003,285.1363756313132,294.12229166666674,276.6609583333333
510600,282.1752448614047,293.61975,277.0293750000001,279.9828230994152,283.4675416666667,277.5277916666667,283.91091208964644,293.61975,277.0293750000001
510700,277.5979254463236,289.00550000000004,271.9433333333333,275.39842032163745,279.5696666666667,272.0204166666667,279.3392003367004,289.00550000000004,271.9433333333333
510800,279.6310550857411,290.05945833333334,274.9717916666666,277.30167324561404,280.4871666666667,274.9717916666666,281.4751490425085,290.05945833333334,275.0759166666666
510900,284.34211366572714,295.9444583333334,280.0614166666667,282.2056374269006,285.42641666666674,280.0614166666667,286.0334906881313,295.9444583333334,280.22925
511000,284.8403202959831,296.0303333333333,279.5257916666667,282.7929013157896,285.87212500000004,280.3610416666666,286.46119365530313,296.0303333333333,279.5257916666667
511100,281.08647301503413,292.68912500000005,275.3109166666666,279.04316154970775,282.70966666666664,276.45070833333335,282.70409459175085,292.68912500000005,275.3109166666666
511300,283.78345122739023,294.90700000000004,279.36025,281.66725657894733,284.2730416666667,279.37037499999997,285.4587719907407,294.90700000000004,279.36025
511400,283.5385009689923,295.1015833333333,278.04800000000006,281.36677923976606,284.7109583333334,279.1516666666667,285.25778067129625,295.1015833333333,278.04800000000006
511500,284.2384706365986,295.21770833333335,278.160875,282.2074437134503,285.4913333333333,279.5303750000001,285.8463669507576,295.21770833333335,278.160875
511600,284.3946539229504,295.3314583333334,278.2254166666666,282.4573589181287,285.3652916666667,280.29400000000004,285.9283458017678,295.3314583333334,278.2254166666666
511700,281.9402947204605,292.08708333333334,275.74525000000006,279.83941812865504,282.68570833333337,277.74724999999995,283.603488688973,292.08708333333334,275.74525000000006
511800,272.4370631019497,283.3244166666667,266.99979166666657,270.2531242690058,275.0752916666667,266.99979166666657,274.16601467803025,283.3244166666667,267.415375
511900,280.6579943622269,290.78950000000003,275.92879166666677,278.4083662280702,281.54975,275.92879166666677,282.43894996843426,290.78950000000003,276.17429166666665
512000,284.5869530185578,296.0047916666667,279.6984166666667,282.49589912280703,285.53333333333336,280.36091666666664,286.24237068602696,296.0047916666667,279.6984166666667
513200,265.22647181113473,274.7512083333334,257.90962500000006,263.1917156432748,267.5939166666666,257.90962500000006,266.83732044402353,274.7512083333334,258.46295833333335
513300,262.26509675240777,274.09774999999996,251.8479166666666,259.5339093567252,264.3512083333333,251.8479166666666,264.42728677398986,274.09774999999996,254.65904166666667
513400,277.0249537526426,285.73049999999995,267.63158333333337,274.91575877192986,279.2847083333334,267.63158333333337,278.6947331123738,285.73049999999995,270.03095833333333
520100,281.93145163847777,294.0484166666667,274.3117916666667,279.9307997076024,288.10770833333333,274.329625,283.51530108375425,294.0484166666667,274.3117916666667
520200,281.9934513154804,291.6294166666666,274.04912499999995,280.4205109649122,286.881125,274.04912499999995,283.23869575968007,291.6294166666666,274.82741666666664
520300,281.45093766149876,293.1935833333334,275.25370833333324,279.5062383040936,284.84704166666666,275.41108333333335,282.99049131944435,293.1935833333334,275.25370833333324
520400,283.4209857881137,293.71758333333327,276.15208333333334,281.72175073099413,288.37870833333335,276.15208333333334,284.7662135416666,293.71758333333327,276.52341666666666
520500,280.52971338383844,290.7494583333333,272.83016666666674,278.76152631578947,285.13237499999997,273.6579583333333,281.9295281460437,290.7494583333333,272.83016666666674
520600,281.22113195912607,294.1195416666667,274.807125,279.0503399122806,285.13199999999995,274.807125,282.93967566287887,294.1195416666667,274.9389583333334
522300,284.9601388301621,294.57362500000005,277.34391666666676,283.33449999999993,289.78245833333335,277.34391666666676,286.24710290404045,294.57362500000005,277.6369583333333
522600,282.2245502114166,296.0292083333333,274.76616666666666,280.0719232456141,289.4213333333333,274.8779166666667,283.92871322601,296.0292083333333,274.76616666666666
522700,283.2673403805497,294.9585833333333,275.408,281.4278589181287,289.50787499999996,275.408,284.72359653829966,294.9585833333333,275.66583333333335
530100,284.6895111580925,293.71520833333335,275.5622916666667,282.43195102339195,286.11716666666666,275.5622916666667,286.4767462647306,293.71520833333335,278.3755
530300,282.7491449083861,291.40333333333325,273.73679166666665,280.8510548245614,285.84475000000003,273.73679166666665,284.25179955808085,291.40333333333325,275.3427500000001
530400,287.6300539699318,296.6998333333333,279.2175833333334,285.2347478070175,288.04058333333336,279.2175833333334,289.5263380155723,296.6998333333333,281.8017499999999
530500,284.4610946088796,291.5794583333333,278.652875,282.52908625730987,285.36266666666666,278.652875,285.99060122053874,291.5794583333333,279.72175
530600,280.3471972926944,291.47708333333327,273.6464583333333,278.4039166666666,283.52358333333325,274.6738333333333,281.88562778829964,291.47708333333327,273.6464583333333
530700,279.83971473455483,288.320125,271.6200833333333,277.71393786549703,280.849,271.6200833333333,281.522621422559,288.320125,274.5177916666667
530800,289.1004188395584,296.7865,281.912,286.48797368421043,289.004125,281.912,291.16860458754195,296.7865,284.6352083333333
530900,287.4566033885367,295.10812500000003,281.5218333333333,285.01345833333335,288.41954166666665,281.5218333333333,289.39075989057244,295.10812500000003,282.39375
532300,286.1630110406389,294.69191666666666,277.44666666666666,283.4500416666667,286.7105833333334,277.44666666666666,288.3107784617003,294.69191666666666,281.044375
532500,287.44143807258644,294.88466666666665,279.0569583333333,285.8485219298245,289.0017083333333,279.0569583333333,288.702496685606,294.88466666666665,280.9637083333334
532600,286.5255398754992,295.07441666666665,277.49054166666673,285.01799049707597,290.20225,277.49054166666673,287.71901646675076,295.07441666666665,279.58716666666663
532800,291.23122838853646,298.5490416666666,283.02591666666666,288.8046885964912,291.55116666666663,283.02591666666666,293.1522390572391,298.5490416666666,286.65512500000006
532900,282.2407753699788,290.0090416666667,275.75691666666665,280.13281944444446,282.81850000000003,275.75691666666665,283.909573811027,290.0090416666667,277.83491666666663
533100,287.4167033709183,294.9077916666667,282.14454166666667,285.2901505847953,288.0035416666666,282.14454166666667,289.1002243265993,294.9077916666667,282.72312500000004
533300,274.7772690274841,282.0463333333333,266.2216666666667,273.30281871345016,276.6800416666667,266.2216666666667,275.94454219276093,282.0463333333333,267.5467916666667
533400,269.991069708715,278.165375,258.4491666666666,268.6400131578947,273.40962499999995,259.60391666666663,271.0606561447811,278.165375,258.4491666666666
540100,262.6116994949495,272.06879166666664,254.23704166666667,260.62362719298255,265.12187500000005,254.23704166666667,264.1855900673401,272.06879166666664,256.1589583333333
540200,261.45969811486964,271.4893333333333,253.28695833333327,259.6213165204678,265.61895833333335,253.28695833333327,262.91508354377106,271.4893333333333,254.87233333333336
540300,259.42718801385956,271.567,249.53800000000004,256.75686476608183,262.07516666666663,249.53800000000004,261.54119391835013,271.567,251.24183333333337
540400,266.04994679351677,274.4602916666666,258.3869583333333,263.8238881578947,268.8580416666667,258.5445416666666,267.8122432133838,274.4602916666666,258.3869583333333
542200,268.7182167019027,276.46554166666664,262.7554166666666,267.1894071637427,270.67225,262.7554166666666,269.9285242529461,276.46554166666664,264.02900000000005
542400,258.73766425886777,269.6241666666667,249.85237499999994,256.23595467836253,261.7227916666667,249.85237499999994,260.7181843434344,269.6241666666667,252.31233333333333
542500,257.23905887361985,267.71120833333333,249.0372083333333,254.36850365497077,261.13433333333336,249.0372083333333,259.5115817550506,267.71120833333333,250.39374999999995
610100,278.042804704017,291.43937500000004,271.16666666666674,274.8000263157894,279.1566666666667,271.33229166666666,280.61000426136377,291.43937500000004,271.16666666666674
610200,275.61386962649743,288.10149999999993,267.4821666666667,272.11094809941517,277.0532083333334,267.4821666666667,278.3870158354377,288.10149999999993,267.9686666666667
610300,275.5350338560018,287.638875,268.5809166666666,272.42536769005847,276.05133333333333,269.61445833333335,277.99685290404045,287.638875,268.5809166666666
610400,276.9690880902045,290.4574166666667,268.936625,273.41688669590644,277.79075000000006,268.936625,279.78124752735687,290.4574166666667,269.14320833333335
610500,277.987529480855,291.3557916666666,269.2833749999999,274.2459875730994,279.08250000000004,269.2833749999999,280.94958349116155,291.3557916666666,270.6045833333333
610600,274.06099703429635,286.7151666666667,263.28495833333335,270.2595036549708,276.89887500000003,263.28495833333335,277.0705126262626,286.7151666666667,265.39625000000007
610700,277.56855188513026,287.88741666666664,272.4597916666667,274.9551235380117,278.5339166666667,272.4732083333334,279.637515993266,287.88741666666664,272.4597916666667
610800,272.63020671834624,287.07500000000005,259.2010833333333,268.0157361111111,275.12345833333336,259.2010833333333,276.2833292824073,287.07500000000005,263.77595833333334
610900,278.2792014035706,288.8705833333333,272.03179166666666,275.5145548245613,279.9319583333334,272.03179166666666,280.4678799452862,288.8705833333333,272.64933333333335
611000,276.7447576344845,287.87679166666663,269.57891666666666,273.7557558479533,278.29008333333337,269.57891666666666,279.11105071548826,287.87679166666663,269.72125000000005
620100,270.7812739898988,282.55995833333327,261.3784166666667,267.4355,271.5927083333333,262.162125,273.43001173190237,282.55995833333327,261.3784166666667
620200,271.4868579105003,285.7950454545454,261.2134583333334,267.1086184210526,272.93874999999997,261.7990833333334,274.95296417297976,285.7950454545454,261.2134583333334
620300,269.5678176239135,283.1084583333333,258.6944583333334,265.4823954678362,270.5219583333333,260.4785416666667,272.80211016414137,283.1084583333333,258.6944583333334
620400,271.9857519967113,285.05304166666673,261.511,268.244625,273.52837500000004,262.75258333333323,274.94747753577445,285.05304166666673,261.511
620500,273.68524471458767,284.189,266.42275,270.66396491228073,274.820875,267.336875,276.0770912247475,284.189,266.42275
620600,269.9467992717877,284.4832916666667,259.4816666666666,265.4885065789473,271.3600833333333,261.1805,273.4762809869529,284.4832916666667,259.4816666666666
620700,265.73431780009406,278.86179166666665,256.57716666666664,261.5967660818713,264.9155416666667,256.57716666666664,269.0098795770201,278.86179166666665,256.7516666666666
620800,273.6022857939864,285.2777083333334,265.15112500000004,270.3343589181287,273.8880833333333,266.8621666666666,276.189394570707,285.2777083333334,265.15112500000004
620900,267.7272734026309,282.2397272727272,260.23599999999993,263.3731571637427,267.6961666666668,260.23599999999993,271.1742820917508,282.2397272727272,261.41754166666675
621000,273.66887179938925,286.17062500000003,264.26075000000003,270.09059941520474,275.7504583333333,264.6811666666666,276.5016707702021,286.17062500000003,264.26075000000003
621100,270.1591002172892,280.67250000000007,261.38320833333324,267.0062923976608,271.31379166666665,261.38320833333324,272.65507307449496,280.67250000000007,262.610875
621200,273.25881345431054,284.393375,265.6482916666667,270.843903508772,274.763,267.86825000000005,275.1706171611952,284.393375,265.6482916666667
622900,270.61602551679584,280.94808333333333,262.1483333333333,267.45359502923975,271.9171666666667,262.1483333333333,273.1196163194444,280.94808333333333,262.891375
623000,266.5412855590791,277.1005833333333,259.5305,264.03409210526314,269.73875,259.5305,268.52614704335014,277.1005833333333,260.1160416666666
630100,263.5057349072115,274.55249999999995,255.0277083333333,260.1103793859648,265.5176666666667,255.0277083333333,266.1937246948653,274.55249999999995,256.72837499999997
630200,268.61159569532543,278.96625,260.16737500000005,265.6718406432749,270.05016666666666,260.2531666666667,270.93890177819867,278.96625,260.16737500000005
632200,259.22094039229495,270.14549999999997,251.358625,255.80094005847945,261.0954583333334,251.358625,261.92844065656567,270.14549999999997,252.42975
632300,265.411578400282,277.10308333333336,257.5763333333333,262.3515950292397,267.884875,257.5763333333333,267.8340652356902,277.10308333333336,259.261125
632500,264.64829956542155,277.224625,255.99875000000006,261.31903216374263,265.5904583333333,255.99875000000006,267.28396959175063,277.224625,257.6426666666667
632600,260.0217819767443,271.77316666666667,251.04075,256.3889985380117,262.80833333333334,251.04075,262.8977355324074,271.77316666666667,253.85299999999998
632700,257.42832478858355,268.4655833333333,249.246625,254.69018055555557,259.85066666666665,249.246625,259.59602230639723,268.4655833333333,251.25724999999997
632800,261.7239386892176,272.653375,253.18458333333328,258.30253874269,264.5328333333334,253.18458333333328,264.43254698021894,272.653375,255.2039583333333
640100,272.57591364223634,286.49781818181816,261.77529166666665,268.2314057017544,274.08204166666667,261.77529166666665,276.01531576178456,286.49781818181816,262.3496666666667
640200,271.60092717876444,286.04977272727274,259.25025,267.1164641812867,273.8162916666667,259.25025,275.1511270517677,286.04977272727274,259.71229166666666
640300,273.23952375499164,286.63224999999994,262.5222083333333,268.9993399122808,275.3829583333333,263.4605833333334,276.5963359638047,286.63224999999994,262.5222083333333
640400,271.84017720812784,283.02950000000004,262.1227083333333,268.6627558479532,272.872625,263.8462916666667,274.3556357849327,283.02950000000004,262.1227083333333
640500,272.8336730972515,286.643,262.04600000000005,268.68946929824557,275.24395833333335,264.15012500000006,276.11450110479797,286.643,262.04600000000005
650100,265.46966995536764,285.0360909090909,256.5086666666666,260.4085774853801,265.5112083333334,256.5086666666666,269.4763681607744,285.0360909090909,258.40483333333333
650200,267.4674942741367,294.9526363636364,253.91212499999997,260.65124488304093,265.82199999999995,253.91212499999997,272.86369170875423,294.9526363636364,257.78683333333333
650400,270.5556596781771,290.74718181818184,263.06537499999996,265.49066374269006,268.803875,263.06766666666664,274.56544812710445,290.74718181818184,263.06537499999996
652200,269.10737085976035,288.30109090909093,260.80008333333336,264.11683260233906,269.1100833333333,260.80008333333336,273.05821364688546,288.30109090909093,262.5798333333334
652300,267.1874771846371,289.8981818181818,256.60170833333336,261.22821564327484,266.15858333333335,256.60170833333336,271.905225904882,289.8981818181818,259.3069166666666
652700,266.62266696030065,285.01995454545454,256.4287916666666,262.1681900584796,267.7494583333334,256.4287916666666,270.149127840909,285.01995454545454,259.38416666666666
652800,267.41249738665744,281.6849545454545,259.49062499999997,262.22623757309947,265.47991666666667,259.49062499999997,271.5182864057239,281.6849545454545,261.947
652900,270.11587963941736,285.6501818181818,261.90275,264.6174100877193,267.5838749999999,261.90275,274.46883470117854,285.6501818181818,264.3945833333333
653000,262.93574782710834,273.88413636363634,254.09291666666672,259.3504619883042,263.70591666666667,254.09291666666672,265.77409911616166,273.88413636363634,256.532125
653100,267.79355822762506,280.7146363636363,259.58387500000003,262.70759795321635,265.340125,259.58387500000003,271.8199434448654,280.7146363636363,262.09445833333336
653200,267.40094579516114,280.11858333333333,259.02820833333334,262.35763815789477,265.20545833333335,259.02820833333334,271.3935643413299,280.11858333333333,262.13875
654000,265.94625205543815,280.60968181818185,256.7554166666667,261.7361081871345,267.38204166666657,256.7554166666667,269.27928261784507,280.60968181818185,259.817
654200,267.02042829457366,288.689,256.0031666666667,262.0888771929825,266.6505416666667,256.0031666666667,270.9245729166667,288.689,259.1129583333334
654300,263.7822126791168,284.7787272727273,253.39458333333332,259.0911864035088,264.9337083333333,253.4531666666667,267.495941813973,284.7787272727273,253.39458333333332
659001,266.370561222692,293.0922727272727,252.0972916666667,259.13218347953216,266.7038333333333,252.0972916666667,272.1009436026937,293.0922727272727,255.21208333333334
659002,273.3393617864693,290.72954545454553,264.0237083333334,267.3004568713451,270.29154166666666,264.0237083333334,278.1201615109428,290.72954545454553,267.4883333333333
659003,275.58035984848493,291.65554545454546,266.8339166666667,269.8700511695907,272.70683333333335,266.8339166666667,280.1010208859428,291.65554545454546,270.1378333333334
659004,265.2040029657034,293.56759090909094,250.61316666666667,256.93673245614025,266.37229166666674,250.61316666666667,271.74892545244103,293.56759090909094,253.92016666666666
659005,264.6559617982147,289.1678636363637,249.57433333333333,259.6510935672515,266.7715,252.59841666666668,268.6181491477272,289.1678636363637,249.57433333333333
710000,289.98665756401215,295.5632916666666,282.5075416666667,289.54221418128645,293.13012499999996,285.576875,290.3385085753367,295.5632916666666,282.5075416666667
810000,291.8133826932112,296.75600000000003,283.61129166666666,291.4468340643275,295.19279166666666,285.8905833333334,292.1035670244107,296.75600000000003,283.61129166666666
