distinct_id,distinct_name,distinct_confirmedNum,distinct_deathsNum,distinct_curesNum,city_name,city_id,province_name,province_id
420106,武昌区,7458,-1,-1,武汉,4201,湖北,42
420104,硚口区,6834,-1,-1,武汉,4201,湖北,42
420102,江岸区,6549,-1,-1,武汉,4201,湖北,42
420103,江汉区,5183,-1,-1,武汉,4201,湖北,42
420111,洪山区,4679,-1,-1,武汉,4201,湖北,42
420105,汉阳区,4670,-1,-1,武汉,4201,湖北,42
420107,青山区,2782,-1,-1,武汉,4201,湖北,42
420112,东西湖区,2462,-1,-1,武汉,4201,湖北,42
0,东湖开发区,2148,-1,-1,武汉,4201,湖北,42
420116,黄陂区,2114,-1,-1,武汉,4201,湖北,42
420114,蔡甸区,1416,-1,-1,武汉,4201,湖北,42
420113,汉南区,1085,-1,-1,武汉,4201,湖北,42
420117,新洲区,1072,-1,-1,武汉,4201,湖北,42
420115,江夏区,848,-1,-1,武汉,4201,湖北,42
0,东湖风景区,480,-1,-1,武汉,4201,湖北,42
-1,未公布来源,226,2547,45733,武汉,4201,湖北,42
420902,孝南区,872,26,836,孝感,4209,湖北,42
420984,汉川市,763,29,728,孝感,4209,湖北,42
420982,安陆市,549,24,518,孝感,4209,湖北,42
420981,应城市,395,21,373,孝感,4209,湖北,42
420923,云梦县,385,9,376,孝感,4209,湖北,42
420922,大悟县,311,11,300,孝感,4209,湖北,42
420921,孝昌县,243,8,235,孝感,4209,湖北,42
-1,未公布来源,0,0,23,孝感,4209,湖北,42
421102,黄州区,968,61,907,黄冈,4211,湖北,42
421122,红安县,316,13,303,黄冈,4211,湖北,42
421125,浠水县,303,8,295,黄冈,4211,湖北,42
421127,黄梅县,284,9,275,黄冈,4211,湖北,42
421126,蕲春县,265,7,258,黄冈,4211,湖北,42
421181,麻城市,243,9,234,黄冈,4211,湖北,42
421182,武穴市,224,8,216,黄冈,4211,湖北,42
421121,团风县,173,6,167,黄冈,4211,湖北,42
421123,罗田县,69,3,66,黄冈,4211,湖北,42
421124,英山县,62,1,61,黄冈,4211,湖北,42
0,中心城区,542,23,566,荆州,4210,湖北,42
421083,洪湖市,373,13,332,荆州,4210,湖北,42
421023,监利县,255,5,245,荆州,4210,湖北,42
421022,公安县,142,3,129,荆州,4210,湖北,42
421087,松滋市,140,4,136,荆州,4210,湖北,42
421081,石首市,93,3,86,荆州,4210,湖北,42
421024,江陵县,35,1,34,荆州,4210,湖北,42
421303,曾都区,619,28,575,随州,4213,湖北,42
421381,广水市,396,10,373,随州,4213,湖北,42
421321,随县,187,5,178,随州,4213,湖北,42
0,高新区,99,1,95,随州,4213,湖北,42
0,大洪山镇,6,1,5,随州,4213,湖北,42
-1,未公布来源,0,0,36,随州,4213,湖北,42
420606,樊城区,239,12,-1,襄阳,4206,湖北,42
420683,枣阳市,194,4,-1,襄阳,4206,湖北,42
420602,襄城区,151,11,-1,襄阳,4206,湖北,42
420607,襄州区,150,-1,-1,襄阳,4206,湖北,42
0,高新区,114,-1,-1,襄阳,4206,湖北,42
420625,谷城县,86,4,-1,襄阳,4206,湖北,42
420684,宜城市,72,3,-1,襄阳,4206,湖北,42
420624,南漳县,63,3,-1,襄阳,4206,湖北,42
420682,老河口市,41,-1,-1,襄阳,4206,湖北,42
0,东津新区,35,-1,-1,襄阳,4206,湖北,42
420626,保康县,25,2,-1,襄阳,4206,湖北,42
0,鱼梁洲开发区,5,-1,-1,襄阳,4206,湖北,42
-1,未公布来源,0,0,1135,襄阳,4206,湖北,42
420281,大冶市,241,7,-1,黄石,4202,湖北,42
420202,黄石港区,203,9,-1,黄石,4202,湖北,42
420222,阳新县,161,3,-1,黄石,4202,湖北,42
420203,西塞山区,146,5,-1,黄石,4202,湖北,42
420204,下陆区,134,11,-1,黄石,4202,湖北,42
420205,开发区·铁山区,92,3,-1,黄石,4202,湖北,42
-1,未公布来源,38,1,976,黄石,4202,湖北,42
420502,西陵区,372,23,348,宜昌,4205,湖北,42
420503,伍家岗区,135,3,132,宜昌,4205,湖北,42
0,宜昌高新区,71,3,68,宜昌,4205,湖北,42
420583,枝江市,64,1,63,宜昌,4205,湖北,42
420582,当阳市,61,-1,61,宜昌,4205,湖北,42
420506,夷陵区,54,-1,54,宜昌,4205,湖北,42
420528,长阳土家族自治县,50,4,46,宜昌,4205,湖北,42
420504,点军区,29,-1,29,宜昌,4205,湖北,42
420527,秭归县,23,-1,23,宜昌,4205,湖北,42
420581,宜都市,21,1,20,宜昌,4205,湖北,42
420505,猇亭区,18,-1,18,宜昌,4205,湖北,42
420526,兴山县,13,-1,13,宜昌,4205,湖北,42
420525,远安县,12,1,11,宜昌,4205,湖北,42
420529,五峰土家族自治县,8,-1,8,宜昌,4205,湖北,42
420881,钟祥市,319,15,230,荆门,4208,湖北,42
420882,京山市,229,7,172,荆门,4208,湖北,42
420822,沙洋县,130,1,69,荆门,4208,湖北,42
420802,东宝区,104,-1,73,荆门,4208,湖北,42
420804,掇刀区,102,14,54,荆门,4208,湖北,42
0,漳河新区,22,-1,15,荆门,4208,湖北,42
0,屈家岭管理区,22,2,10,荆门,4208,湖北,42
-1,未公布来源,0,1,264,荆门,4208,湖北,42
421202,咸安区,311,4,307,咸宁,4212,湖北,42
421281,赤壁市,200,5,195,咸宁,4212,湖北,42
421221,嘉鱼县,116,2,114,咸宁,4212,湖北,42
421224,通山县,84,-1,84,咸宁,4212,湖北,42
421223,崇阳县,67,2,65,咸宁,4212,湖北,42
421222,通城县,58,2,56,咸宁,4212,湖北,42
420302,茅箭区,280,2,278,十堰,4203,湖北,42
420303,张湾区,150,3,147,十堰,4203,湖北,42
420381,丹江口市,42,1,41,十堰,4203,湖北,42
420322,郧西县,41,-1,41,十堰,4203,湖北,42
420325,房县,36,2,34,十堰,4203,湖北,42
420323,竹山县,35,-1,35,十堰,4203,湖北,42
420304,郧阳区,33,-1,33,十堰,4203,湖北,42
420324,竹溪县,27,-1,27,十堰,4203,湖北,42
0,武当山特区,26,-1,26,十堰,4203,湖北,42
0,十堰经济技术开发区,2,-1,2,十堰,4203,湖北,42
422802,利川市,58,1,57,恩施,4228,湖北,42
422801,恩施市,57,-1,57,恩施,4228,湖北,42
422822,建始县,47,-1,47,恩施,4228,湖北,42
422825,宣恩县,25,2,23,恩施,4228,湖北,42
422823,巴东县,22,1,21,恩施,4228,湖北,42
422828,鹤峰县,16,1,15,恩施,4228,湖北,42
422826,咸丰县,15,2,13,恩施,4228,湖北,42
422827,来凤县,12,-1,12,恩施,4228,湖北,42
440305,南山区,87,-1,-1,深圳,4403,广东,44
440304,福田区,83,-1,-1,深圳,4403,广东,44
440307,龙岗区,71,-1,-1,深圳,4403,广东,44
440306,宝安区,62,-1,-1,深圳,4403,广东,44
440309,龙华区,34,-1,-1,深圳,4403,广东,44
440303,罗湖区,32,-1,-1,深圳,4403,广东,44
0,境外输入,29,-1,-1,深圳,4403,广东,44
440311,光明区,11,-1,-1,深圳,4403,广东,44
440310,坪山区,7,-1,-1,深圳,4403,广东,44
440308,盐田区,6,-1,-1,深圳,4403,广东,44
0,大鹏新区,2,-1,-1,深圳,4403,广东,44
-1,未公布来源,25,3,416,深圳,4403,广东,44
440111,白云区,74,-1,-1,广州,4401,广东,44
440105,海珠区,66,-1,-1,广州,4401,广东,44
0,境外输入,49,-1,-1,广州,4401,广东,44
440106,天河区,45,-1,-1,广州,4401,广东,44
440113,番禺区,40,-1,-1,广州,4401,广东,44
440104,越秀区,36,-1,-1,广州,4401,广东,44
440103,荔湾区,21,-1,-1,广州,4401,广东,44
440114,花都区,21,-1,-1,广州,4401,广东,44
440112,黄埔区,18,-1,-1,广州,4401,广东,44
440118,增城区,17,-1,-1,广州,4401,广东,44
440115,南沙区,8,-1,-1,广州,4401,广东,44
440117,从化区,1,-1,-1,广州,4401,广东,44
-1,未公布来源,31,1,347,广州,4401,广东,44
0,香洲区,51,-1,-1,珠海,4404,广东,44
0,金湾区,17,-1,-1,珠海,4404,广东,44
0,横琴新区,9,-1,-1,珠海,4404,广东,44
0,斗门区,8,-1,-1,珠海,4404,广东,44
0,高新区,5,-1,-1,珠海,4404,广东,44
0,境外输入,2,-1,-1,珠海,4404,广东,44
0,高栏港区,1,-1,-1,珠海,4404,广东,44
-1,未公布来源,10,1,97,珠海,4404,广东,44
0,长安镇,10,-1,10,东莞,4419,广东,44
0,大岭山镇,10,1,9,东莞,4419,广东,44
0,南城街道,10,-1,10,东莞,4419,广东,44
0,大朗镇,9,-1,9,东莞,4419,广东,44
0,塘厦镇,7,-1,7,东莞,4419,广东,44
0,常平镇,5,-1,5,东莞,4419,广东,44
0,虎门镇,5,-1,5,东莞,4419,广东,44
0,东城街道,5,-1,5,东莞,4419,广东,44
0,凤岗镇,4,-1,4,东莞,4419,广东,44
0,沙田镇,4,-1,4,东莞,4419,广东,44
0,黄江镇,3,-1,3,东莞,4419,广东,44
0,石碣镇,3,-1,3,东莞,4419,广东,44
0,莞城街道,3,-1,3,东莞,4419,广东,44
0,道滘镇,3,-1,3,东莞,4419,广东,44
0,厚街镇,3,-1,3,东莞,4419,广东,44
0,寮步镇,3,-1,3,东莞,4419,广东,44
0,横沥镇,2,-1,2,东莞,4419,广东,44
0,高埗镇,2,-1,2,东莞,4419,广东,44
0,石排镇,2,-1,2,东莞,4419,广东,44
0,茶山镇,1,-1,1,东莞,4419,广东,44
0,松山湖管委会,1,-1,1,东莞,4419,广东,44
0,望牛墩镇,1,-1,1,东莞,4419,广东,44
0,东坑镇,1,-1,1,东莞,4419,广东,44
0,企石镇,1,-1,1,东莞,4419,广东,44
0,桥头镇,1,-1,1,东莞,4419,广东,44
0,石龙镇,1,-1,1,东莞,4419,广东,44
440605,南海区,34,-1,-1,佛山,4406,广东,44
440606,顺德区,29,-1,-1,佛山,4406,广东,44
440607,三水区,13,-1,-1,佛山,4406,广东,44
440604,禅城区,8,-1,-1,佛山,4406,广东,44
0,境外输入,7,-1,-1,佛山,4406,广东,44
-1,未公布来源,1,0,84,佛山,4406,广东,44
0,黄圃镇,10,-1,10,中山,4420,广东,44
0,石岐区街道,10,-1,10,中山,4420,广东,44
0,火炬开发区街道,8,-1,8,中山,4420,广东,44
0,沙溪镇,7,-1,7,中山,4420,广东,44
0,东区街道,5,-1,5,中山,4420,广东,44
0,坦洲镇,4,-1,4,中山,4420,广东,44
0,东升镇,4,-1,4,中山,4420,广东,44
0,西区街道,4,-1,4,中山,4420,广东,44
0,东凤镇,3,-1,3,中山,4420,广东,44
0,三角镇,3,-1,3,中山,4420,广东,44
0,阜沙镇,2,-1,2,中山,4420,广东,44
0,三乡镇,2,-1,2,中山,4420,广东,44
0,板芙镇,1,-1,1,中山,4420,广东,44
0,横栏镇,1,-1,1,中山,4420,广东,44
0,民众镇,1,-1,1,中山,4420,广东,44
0,南区街道,1,-1,1,中山,4420,广东,44
-1,未公布来源,2,0,2,中山,4420,广东,44
441323,惠东县,29,-1,29,惠州,4413,广东,44
441302,惠城区,13,-1,13,惠州,4413,广东,44
0,大亚湾区,6,-1,6,惠州,4413,广东,44
441303,惠阳区,5,-1,5,惠州,4413,广东,44
441322,博罗县,5,-1,5,惠州,4413,广东,44
0,仲恺区,4,-1,4,惠州,4413,广东,44
440883,吴川市,4,-1,4,湛江,4408,广东,44
440803,霞山区,3,-1,3,湛江,4408,广东,44
440802,赤坎区,3,-1,3,湛江,4408,广东,44
440882,雷州市,3,-1,3,湛江,4408,广东,44
440804,坡头区,2,-1,2,湛江,4408,广东,44
440881,廉江市,2,-1,2,湛江,4408,广东,44
0,开发区,1,-1,1,湛江,4408,广东,44
-1,未公布来源,6,0,4,湛江,4408,广东,44
441202,端州区,7,-1,-1,肇庆,4412,广东,44
441225,封开县,5,-1,-1,肇庆,4412,广东,44
441204,高要区,3,-1,-1,肇庆,4412,广东,44
441203,鼎湖区,2,-1,-1,肇庆,4412,广东,44
441223,广宁县,1,-1,-1,肇庆,4412,广东,44
441284,四会市,1,-1,-1,肇庆,4412,广东,44
-1,未公布来源,1,1,18,肇庆,4412,广东,44
441481,兴宁市,8,-1,8,梅州,4414,广东,44
441424,五华县,3,-1,3,梅州,4414,广东,44
441403,梅县区,1,-1,1,梅州,4414,广东,44
441426,平远县,1,-1,1,梅州,4414,广东,44
441427,蕉岭县,1,-1,1,梅州,4414,广东,44
441402,梅江区,1,-1,1,梅州,4414,广东,44
441422,大埔县,1,-1,1,梅州,4414,广东,44
0,境外输入,1,-1,-1,梅州,4414,广东,44
0,海陵区,8,-1,8,阳江,4417,广东,44
441781,阳春市,3,-1,3,阳江,4417,广东,44
441704,阳东区,1,-1,1,阳江,4417,广东,44
441721,阳西县,1,-1,1,阳江,4417,广东,44
441702,江城区,1,-1,1,阳江,4417,广东,44
0,境外输入,1,-1,-1,揭阳,4452,广东,44
-1,未公布来源,8,0,8,揭阳,4452,广东,44
441523,陆河县,3,-1,3,汕尾,4415,广东,44
441581,陆丰市,2,-1,2,汕尾,4415,广东,44
411502,浉河区,48,-1,48,信阳,4115,河南,41
411503,平桥区,42,-1,42,信阳,4115,河南,41
411521,罗山县,40,-1,40,信阳,4115,河南,41
411522,光山县,32,1,31,信阳,4115,河南,41
411525,固始县,31,-1,31,信阳,4115,河南,41
411526,潢川县,22,-1,22,信阳,4115,河南,41
411524,商城县,21,-1,21,信阳,4115,河南,41
411528,息县,21,-1,21,信阳,4115,河南,41
411523,新县,11,-1,11,信阳,4115,河南,41
411527,淮滨县,6,1,5,信阳,4115,河南,41
411726,泌阳县,15,-1,15,驻马店,4117,河南,41
411724,正阳县,15,-1,15,驻马店,4117,河南,41
411725,确山县,14,-1,14,驻马店,4117,河南,41
411721,西平县,13,-1,13,驻马店,4117,河南,41
411702,驿城区,12,-1,12,驻马店,4117,河南,41
411727,汝南县,10,-1,10,驻马店,4117,河南,41
411729,新蔡县,10,-1,10,驻马店,4117,河南,41
411723,平舆县,7,-1,7,驻马店,4117,河南,41
411728,遂平县,6,-1,6,驻马店,4117,河南,41
411722,上蔡县,6,-1,6,驻马店,4117,河南,41
-1,未公布来源,31,0,31,驻马店,4117,河南,41
411424,柘城县,19,-1,-1,商丘,4114,河南,41
411481,永城市,14,-1,-1,商丘,4114,河南,41
411402,梁园区,14,-1,-1,商丘,4114,河南,41
411426,夏邑县,12,-1,-1,商丘,4114,河南,41
411403,睢阳区,9,-1,-1,商丘,4114,河南,41
411423,宁陵县,9,-1,-1,商丘,4114,河南,41
0,示范区,7,-1,-1,商丘,4114,河南,41
411425,虞城县,4,-1,-1,商丘,4114,河南,41
411421,民权县,2,-1,-1,商丘,4114,河南,41
411422,睢县,1,-1,-1,商丘,4114,河南,41
-1,未公布来源,0,3,88,商丘,4114,河南,41
411622,西华县,11,-1,-1,周口,4116,河南,41
411627,太康县,11,-1,-1,周口,4116,河南,41
411681,项城市,11,-1,-1,周口,4116,河南,41
411624,沈丘县,10,-1,-1,周口,4116,河南,41
411626,淮阳区,10,-1,-1,周口,4116,河南,41
411628,鹿邑县,7,-1,-1,周口,4116,河南,41
411625,郸城县,6,-1,-1,周口,4116,河南,41
411623,商水县,4,-1,-1,周口,4116,河南,41
411602,川汇区,3,-1,-1,周口,4116,河南,41
0,示范区,2,-1,-1,周口,4116,河南,41
0,经开区,1,-1,-1,周口,4116,河南,41
-1,未公布来源,0,1,75,周口,4116,河南,41
410402,新华区,27,-1,27,平顶山,4104,河南,41
410423,鲁山县,9,1,8,平顶山,4104,河南,41
410403,卫东区,7,-1,7,平顶山,4104,河南,41
410411,湛河区,5,-1,5,平顶山,4104,河南,41
0,新城区,4,-1,4,平顶山,4104,河南,41
410422,叶县,2,-1,2,平顶山,4104,河南,41
410425,郏县,2,-1,2,平顶山,4104,河南,41
410482,汝州市,1,-1,1,平顶山,4104,河南,41
410421,宝丰县,1,-1,1,平顶山,4104,河南,41
410728,长垣县,13,-1,11,新乡,4107,河南,41
410782,辉县市,10,-1,5,新乡,4107,河南,41
410721,新乡县,5,-1,2,新乡,4107,河南,41
410781,卫辉市,5,-1,2,新乡,4107,河南,41
410727,封丘县,5,-1,3,新乡,4107,河南,41
410711,牧野区,4,-1,1,新乡,4107,河南,41
410726,延津县,4,-1,2,新乡,4107,河南,41
410703,卫滨区,3,-1,-1,新乡,4107,河南,41
410725,原阳县,3,-1,2,新乡,4107,河南,41
410702,红旗区,3,-1,-1,新乡,4107,河南,41
410724,获嘉县,2,-1,-1,新乡,4107,河南,41
-1,未公布来源,0,3,26,新乡,4107,河南,41
410502,文峰区,23,-1,23,安阳,4105,河南,41
410527,内黄县,6,-1,6,安阳,4105,河南,41
410505,殷都区,4,-1,4,安阳,4105,河南,41
410506,龙安区,2,-1,2,安阳,4105,河南,41
410526,滑县,2,-1,2,安阳,4105,河南,41
410581,林州市,2,-1,2,安阳,4105,河南,41
410503,北关区,1,-1,1,安阳,4105,河南,41
410522,安阳县,1,-1,1,安阳,4105,河南,41
410523,汤阴县,1,-1,1,安阳,4105,河南,41
-1,未公布来源,11,0,11,安阳,4105,河南,41
0,东城区,11,-1,11,许昌,4110,河南,41
411023,建安区,10,1,9,许昌,4110,河南,41
411002,魏都区,9,-1,9,许昌,4110,河南,41
411025,襄城县,6,-1,6,许昌,4110,河南,41
0,开发区,1,-1,1,许昌,4110,河南,41
411082,长葛市,1,-1,1,许昌,4110,河南,41
411081,禹州市,1,-1,1,许昌,4110,河南,41
411103,郾城区,9,-1,9,漯河,4111,河南,41
411102,源汇区,8,-1,7,漯河,4111,河南,41
411104,召陵区,8,-1,8,漯河,4111,河南,41
411121,舞阳县,7,-1,7,漯河,4111,河南,41
411122,临颍县,4,-1,4,漯河,4111,河南,41
410811,山阳区,11,1,10,焦作,4108,河南,41
410802,解放区,7,-1,7,焦作,4108,河南,41
410825,温县,5,-1,5,焦作,4108,河南,41
410823,武陟县,4,-1,4,焦作,4108,河南,41
410882,沁阳市,2,-1,2,焦作,4108,河南,41
410821,修武县,1,-1,1,焦作,4108,河南,41
410804,马村区,1,-1,1,焦作,4108,河南,41
0,示范区,1,-1,1,焦作,4108,河南,41
410305,涧西区,10,-1,-1,洛阳,4103,河南,41
410304,瀍河回族区,8,-1,-1,洛阳,4103,河南,41
410302,老城区,3,-1,-1,洛阳,4103,河南,41
410303,西工区,3,-1,-1,洛阳,4103,河南,41
410323,新安县,2,-1,-1,洛阳,4103,河南,41
0,高新区,2,-1,-1,洛阳,4103,河南,41
410311,洛龙区,1,-1,-1,洛阳,4103,河南,41
410381,偃师市,1,-1,-1,洛阳,4103,河南,41
410328,洛宁县,1,-1,-1,洛阳,4103,河南,41
-1,未公布来源,0,1,30,洛阳,4103,河南,41
410223,尉氏县,6,-1,6,开封,4102,河南,41
410221,杞县,6,-1,6,开封,4102,河南,41
410225,兰考县,5,-1,5,开封,4102,河南,41
410222,通许县,4,-1,4,开封,4102,河南,41
410202,龙亭区,2,-1,2,开封,4102,河南,41
410204,鼓楼区,2,-1,2,开封,4102,河南,41
410203,顺河区,1,-1,1,开封,4102,河南,41
410602,鹤山区,7,-1,7,鹤壁,4106,河南,41
410611,淇滨区,6,-1,6,鹤壁,4106,河南,41
410621,浚县,3,-1,3,鹤壁,4106,河南,41
410603,山城区,2,-1,2,鹤壁,4106,河南,41
410622,淇县,1,-1,1,鹤壁,4106,河南,41
411221,渑池县,3,-1,3,三门峡,4112,河南,41
411281,义马市,2,1,2,三门峡,4112,河南,41
411282,灵宝市,1,-1,1,三门峡,4112,河南,41
-1,未公布来源,1,0,0,三门峡,4112,河南,41
330382,乐清市,170,-1,170,温州,3303,浙江,33
330381,瑞安市,74,-1,74,温州,3303,浙江,33
330302,鹿城区,68,-1,68,温州,3303,浙江,33
330324,永嘉县,52,1,51,温州,3303,浙江,33
330304,瓯海区,36,-1,36,温州,3303,浙江,33
330326,平阳县,30,-1,30,温州,3303,浙江,33
330329,泰顺县,20,-1,20,温州,3303,浙江,33
330303,龙湾区,18,-1,18,温州,3303,浙江,33
330328,文成县,11,-1,11,温州,3303,浙江,33
330327,苍南县,9,-1,9,温州,3303,浙江,33
330383,龙港市,9,-1,9,温州,3303,浙江,33
330305,洞头区,5,-1,5,温州,3303,浙江,33
0,瓯江口产业集聚区,1,-1,1,温州,3303,浙江,33
0,浙南产业集聚区,1,-1,1,温州,3303,浙江,33
330110,余杭区,37,-1,37,杭州,3301,浙江,33
330122,桐庐县,24,-1,24,杭州,3301,浙江,33
330104,江干区,19,-1,19,杭州,3301,浙江,33
330109,萧山区,18,-1,18,杭州,3301,浙江,33
330106,西湖区,16,-1,16,杭州,3301,浙江,33
330105,拱墅区,12,-1,12,杭州,3301,浙江,33
330102,上城区,10,-1,10,杭州,3301,浙江,33
0,钱塘新区,8,-1,8,杭州,3301,浙江,33
330103,下城区,7,-1,7,杭州,3301,浙江,33
330108,滨江区,5,-1,5,杭州,3301,浙江,33
330111,富阳区,5,-1,5,杭州,3301,浙江,33
330185,临安区,5,-1,5,杭州,3301,浙江,33
330182,建德市,3,-1,3,杭州,3301,浙江,33
-1,未公布来源,12,0,12,杭州,3301,浙江,33
330203,海曙区,69,-1,69,宁波,3302,浙江,33
330282,慈溪市,25,-1,25,宁波,3302,浙江,33
330212,鄞州区,13,-1,13,宁波,3302,浙江,33
330226,宁海县,11,-1,11,宁波,3302,浙江,33
330281,余姚市,11,-1,11,宁波,3302,浙江,33
330206,北仑区,11,-1,11,宁波,3302,浙江,33
330205,江北区,5,-1,5,宁波,3302,浙江,33
330211,镇海区,3,-1,3,宁波,3302,浙江,33
330283,奉化区,3,-1,3,宁波,3302,浙江,33
330225,象山县,2,-1,2,宁波,3302,浙江,33
0,高新区,2,-1,2,宁波,3302,浙江,33
0,东钱湖,1,-1,1,宁波,3302,浙江,33
0,杭州湾新区,1,-1,1,宁波,3302,浙江,33
331081,温岭市,54,-1,54,台州,3310,浙江,33
331003,黄岩区,21,-1,21,台州,3310,浙江,33
331022,三门县,14,-1,14,台州,3310,浙江,33
331004,路桥区,13,-1,13,台州,3310,浙江,33
331024,仙居县,13,-1,13,台州,3310,浙江,33
331002,椒江区,10,-1,10,台州,3310,浙江,33
331023,天台县,8,-1,8,台州,3310,浙江,33
331082,临海市,8,-1,8,台州,3310,浙江,33
0,台州湾集聚区,4,-1,4,台州,3310,浙江,33
331021,玉环市,1,-1,1,台州,3310,浙江,33
330783,东阳市,19,-1,19,金华,3307,浙江,33
330782,义乌市,16,-1,16,金华,3307,浙江,33
330726,浦江县,8,-1,8,金华,3307,浙江,33
330703,金东区,5,-1,5,金华,3307,浙江,33
330784,永康市,5,-1,5,金华,3307,浙江,33
330702,婺城区,1,-1,1,金华,3307,浙江,33
330781,兰溪市,1,-1,1,金华,3307,浙江,33
330411,秀洲区,15,-1,-1,嘉兴,3304,浙江,33
330402,南湖区,8,-1,-1,嘉兴,3304,浙江,33
330421,嘉善县,6,-1,-1,嘉兴,3304,浙江,33
330483,桐乡市,5,-1,-1,嘉兴,3304,浙江,33
330481,海宁市,5,-1,-1,嘉兴,3304,浙江,33
330482,平湖市,4,-1,-1,嘉兴,3304,浙江,33
0,经开区,2,-1,-1,嘉兴,3304,浙江,33
330424,海盐县,1,-1,-1,嘉兴,3304,浙江,33
-1,未公布来源,0,0,45,嘉兴,3304,浙江,33
330602,越城区,14,-1,14,绍兴,3306,浙江,33
330603,柯桥区,9,-1,9,绍兴,3306,浙江,33
330604,上虞区,8,-1,8,绍兴,3306,浙江,33
330681,诸暨市,7,-1,7,绍兴,3306,浙江,33
330624,新昌县,2,-1,2,绍兴,3306,浙江,33
330683,嵊州市,2,-1,2,绍兴,3306,浙江,33
331126,庆元县,7,-1,7,丽水,3311,浙江,33
331121,青田县,6,-1,6,丽水,3311,浙江,33
331122,缙云县,1,-1,1,丽水,3311,浙江,33
331102,莲都区,1,-1,1,丽水,3311,浙江,33
331124,松阳县,1,-1,1,丽水,3311,浙江,33
331127,景宁畲族自治县,1,-1,1,丽水,3311,浙江,33
330881,江山市,6,-1,6,衢州,3308,浙江,33
330822,常山县,3,-1,3,衢州,3308,浙江,33
330803,衢江区,3,-1,3,衢州,3308,浙江,33
330802,柯城区,2,-1,2,衢州,3308,浙江,33
0,吴兴区,3,-1,3,湖州,3305,浙江,33
0,德清县,3,-1,3,湖州,3305,浙江,33
0,南浔区,3,-1,3,湖州,3305,浙江,33
0,长兴县,1,-1,1,湖州,3305,浙江,33
430102,芙蓉区,71,-1,-1,长沙,4301,湖南,43
430105,开福区,50,-1,-1,长沙,4301,湖南,43
430104,岳麓区,46,-1,-1,长沙,4301,湖南,43
430111,雨花区,36,-1,-1,长沙,4301,湖南,43
430121,长沙县,19,-1,-1,长沙,4301,湖南,43
430103,天心区,9,-1,-1,长沙,4301,湖南,43
430112,望城区,5,-1,-1,长沙,4301,湖南,43
430181,浏阳市,4,-1,-1,长沙,4301,湖南,43
430124,宁乡市,2,-1,-1,长沙,4301,湖南,43
-1,未公布来源,0,2,240,长沙,4301,湖南,43
430602,岳阳楼区,62,-1,62,岳阳,4306,湖南,43
430623,华容县,18,-1,18,岳阳,4306,湖南,43
430603,云溪区,14,-1,14,岳阳,4306,湖南,43
430682,临湘市,14,-1,14,岳阳,4306,湖南,43
0,经开区,10,-1,10,岳阳,4306,湖南,43
430626,平江县,8,1,7,岳阳,4306,湖南,43
430624,湘阴县,7,-1,7,岳阳,4306,湖南,43
0,南湖新区,6,-1,6,岳阳,4306,湖南,43
430681,汨罗市,6,-1,6,岳阳,4306,湖南,43
430611,君山区,6,-1,6,岳阳,4306,湖南,43
430621,岳阳县,4,-1,4,岳阳,4306,湖南,43
0,屈原管理区,1,-1,1,岳阳,4306,湖南,43
430521,邵东市,38,-1,38,邵阳,4305,湖南,43
430522,新邵县,19,-1,19,邵阳,4305,湖南,43
430525,洞口县,11,-1,11,邵阳,4305,湖南,43
430524,隆回县,7,-1,7,邵阳,4305,湖南,43
430503,大祥区,6,-1,6,邵阳,4305,湖南,43
430502,双清区,5,1,4,邵阳,4305,湖南,43
430523,邵阳县,5,-1,5,邵阳,4305,湖南,43
430581,武冈市,5,-1,5,邵阳,4305,湖南,43
430511,北塔区,2,-1,2,邵阳,4305,湖南,43
430528,新宁县,2,-1,2,邵阳,4305,湖南,43
430527,绥宁县,2,-1,2,邵阳,4305,湖南,43
430723,澧县,29,-1,29,常德,4307,湖南,43
430702,武陵区,22,-1,22,常德,4307,湖南,43
430721,安乡县,9,-1,9,常德,4307,湖南,43
430703,鼎城区,5,-1,5,常德,4307,湖南,43
430725,桃源县,5,-1,5,常德,4307,湖南,43
430722,汉寿县,4,-1,4,常德,4307,湖南,43
430726,石门县,3,-1,3,常德,4307,湖南,43
430724,临澧县,3,-1,3,常德,4307,湖南,43
430781,津市市,2,-1,2,常德,4307,湖南,43
430202,荷塘区,21,-1,21,株洲,4302,湖南,43
430224,茶陵县,13,-1,13,株洲,4302,湖南,43
430203,芦淞区,10,-1,10,株洲,4302,湖南,43
430211,天元区,10,-1,10,株洲,4302,湖南,43
430204,石峰区,9,-1,9,株洲,4302,湖南,43
430281,醴陵市,8,-1,8,株洲,4302,湖南,43
430223,攸县,7,-1,7,株洲,4302,湖南,43
0,云龙示范区,2,-1,2,株洲,4302,湖南,43
431321,双峰县,20,-1,20,娄底,4313,湖南,43
431322,新化县,17,-1,17,娄底,4313,湖南,43
431381,冷水江市,16,-1,16,娄底,4313,湖南,43
431382,涟源市,13,-1,13,娄底,4313,湖南,43
431302,娄星区,10,-1,10,娄底,4313,湖南,43
430921,南县,16,-1,16,益阳,4309,湖南,43
430981,沅江市,15,-1,15,益阳,4309,湖南,43
430923,安化县,13,-1,13,益阳,4309,湖南,43
430903,赫山区,9,-1,9,益阳,4309,湖南,43
0,高新区,3,-1,3,益阳,4309,湖南,43
430922,桃江县,3,-1,3,益阳,4309,湖南,43
0,资阳区,1,-1,1,益阳,4309,湖南,43
430423,衡山县,8,-1,8,衡阳,4304,湖南,43
430422,衡南县,7,-1,7,衡阳,4304,湖南,43
430481,耒阳市,7,-1,7,衡阳,4304,湖南,43
430426,祁东县,6,-1,6,衡阳,4304,湖南,43
430408,蒸湘区,6,-1,6,衡阳,4304,湖南,43
430421,衡阳县,5,-1,5,衡阳,4304,湖南,43
430424,衡东县,5,-1,5,衡阳,4304,湖南,43
430407,石鼓区,1,-1,1,衡阳,4304,湖南,43
430482,常宁市,1,-1,1,衡阳,4304,湖南,43
430405,珠晖区,1,-1,1,衡阳,4304,湖南,43
430406,雁峰区,1,-1,1,衡阳,4304,湖南,43
431103,冷水滩区,13,-1,13,永州,4311,湖南,43
431102,零陵区,10,-1,10,永州,4311,湖南,43
431121,祁阳县,5,-1,5,永州,4311,湖南,43
431127,蓝山县,4,-1,4,永州,4311,湖南,43
431124,道县,3,-1,3,永州,4311,湖南,43
431128,新田县,3,-1,3,永州,4311,湖南,43
0,金洞,2,-1,2,永州,4311,湖南,43
431129,江华瑶族自治县,2,-1,2,永州,4311,湖南,43
431126,宁远县,1,-1,1,永州,4311,湖南,43
431122,东安县,1,-1,1,永州,4311,湖南,43
431202,鹤城区,16,-1,16,怀化,4312,湖南,43
431224,溆浦县,9,-1,9,怀化,4312,湖南,43
431223,辰溪县,4,-1,4,怀化,4312,湖南,43
431229,靖州苗族侗族自治县,4,-1,4,怀化,4312,湖南,43
431222,沅陵县,2,-1,2,怀化,4312,湖南,43
431227,新晃侗族自治县,2,-1,2,怀化,4312,湖南,43
431226,麻阳苗族自治县,2,-1,2,怀化,4312,湖南,43
431228,芷江侗族自治县,1,-1,1,怀化,4312,湖南,43
431003,苏仙区,11,-1,11,郴州,4310,湖南,43
431023,永兴县,9,-1,9,郴州,4310,湖南,43
431028,安仁县,6,-1,6,郴州,4310,湖南,43
431081,资兴市,4,-1,4,郴州,4310,湖南,43
431022,宜章县,4,-1,4,郴州,4310,湖南,43
431026,汝城县,2,-1,2,郴州,4310,湖南,43
431002,北湖区,1,-1,1,郴州,4310,湖南,43
431025,临武县,1,-1,1,郴州,4310,湖南,43
431024,嘉禾县,1,-1,1,郴州,4310,湖南,43
430304,岳塘区,12,-1,12,湘潭,4303,湖南,43
430321,湘潭县,11,-1,11,湘潭,4303,湖南,43
430302,雨湖区,9,-1,9,湘潭,4303,湖南,43
430381,湘乡市,3,-1,3,湘潭,4303,湖南,43
430382,韶山市,1,-1,1,湘潭,4303,湖南,43
430802,永定区,2,-1,-1,张家界,4308,湖南,43
430822,桑植县,2,-1,-1,张家界,4308,湖南,43
430821,慈利县,1,-1,-1,张家界,4308,湖南,43
-1,未公布来源,0,0,5,张家界,4308,湖南,43
340122,肥东县,30,-1,30,合肥,3401,安徽,34
340102,瑶海区,29,-1,28,合肥,3401,安徽,34
340104,蜀山区,21,-1,21,合肥,3401,安徽,34
0,新站区,19,-1,18,合肥,3401,安徽,34
340103,庐阳区,17,-1,16,合肥,3401,安徽,34
340111,包河区,12,-1,12,合肥,3401,安徽,34
340124,庐江县,12,-1,12,合肥,3401,安徽,34
340123,肥西县,7,-1,7,合肥,3401,安徽,34
340121,长丰县,6,-1,6,合肥,3401,安徽,34
340181,巢湖市,3,-1,3,合肥,3401,安徽,34
0,高新区,2,-1,2,合肥,3401,安徽,34
-1,未公布来源,16,1,18,合肥,3401,安徽,34
340302,龙子湖区,47,-1,-1,蚌埠,3403,安徽,34
0,经开区,33,-1,-1,蚌埠,3403,安徽,34
340304,禹会区,30,-1,-1,蚌埠,3403,安徽,34
340303,蚌山区,18,-1,-1,蚌埠,3403,安徽,34
340311,淮上区,11,-1,-1,蚌埠,3403,安徽,34
340321,怀远县,8,-1,-1,蚌埠,3403,安徽,34
0,高新区,5,-1,-1,蚌埠,3403,安徽,34
340322,五河县,3,-1,-1,蚌埠,3403,安徽,34
340323,固镇县,2,-1,-1,蚌埠,3403,安徽,34
-1,未公布来源,3,5,155,蚌埠,3403,安徽,34
341221,临泉县,45,-1,45,阜阳,3412,安徽,34
341225,阜南县,39,-1,39,阜阳,3412,安徽,34
341202,颍州区,18,-1,18,阜阳,3412,安徽,34
341203,颍东区,14,-1,14,阜阳,3412,安徽,34
341226,颍上县,14,-1,14,阜阳,3412,安徽,34
341204,颍泉区,13,-1,13,阜阳,3412,安徽,34
341222,太和县,7,-1,7,阜阳,3412,安徽,34
0,开发区,2,-1,2,阜阳,3412,安徽,34
341282,界首市,2,-1,2,阜阳,3412,安徽,34
-1,未公布来源,1,0,1,阜阳,3412,安徽,34
341623,利辛县,43,-1,43,亳州,3416,安徽,34
341621,涡阳县,29,-1,29,亳州,3416,安徽,34
341602,谯城区,15,-1,15,亳州,3416,安徽,34
341622,蒙城县,12,-1,12,亳州,3416,安徽,34
0,市高新区,5,-1,5,亳州,3416,安徽,34
-1,未公布来源,4,0,4,亳州,3416,安徽,34
340881,桐城市,17,-1,17,安庆,3408,安徽,34
340826,宿松县,16,-1,16,安庆,3408,安徽,34
340822,怀宁县,16,-1,16,安庆,3408,安徽,34
340828,岳西县,8,-1,8,安庆,3408,安徽,34
340827,望江县,6,-1,6,安庆,3408,安徽,34
0,经开区,5,-1,5,安庆,3408,安徽,34
340825,太湖县,5,-1,5,安庆,3408,安徽,34
340811,宜秀区,3,-1,3,安庆,3408,安徽,34
340802,迎江区,3,-1,3,安庆,3408,安徽,34
340803,大观区,2,-1,2,安庆,3408,安徽,34
340824,潜山市,2,-1,2,安庆,3408,安徽,34
341524,金寨县,23,-1,23,六安,3415,安徽,34
341525,霍山县,17,-1,17,六安,3415,安徽,34
341522,霍邱县,13,-1,13,六安,3415,安徽,34
341503,裕安区,8,-1,8,六安,3415,安徽,34
341502,金安区,8,-1,8,六安,3415,安徽,34
341302,埇桥区,20,-1,20,宿州,3413,安徽,34
341321,砀山县,7,-1,7,宿州,3413,安徽,34
341323,灵璧县,7,-1,7,宿州,3413,安徽,34
341324,泗县,6,-1,6,宿州,3413,安徽,34
341322,萧县,1,-1,1,宿州,3413,安徽,34
340523,和县,27,-1,27,马鞍山,3405,安徽,34
340504,雨山区,8,-1,8,马鞍山,3405,安徽,34
340503,花山区,1,-1,1,马鞍山,3405,安徽,34
340521,当涂县,1,-1,1,马鞍山,3405,安徽,34
340522,含山县,1,-1,1,马鞍山,3405,安徽,34
340225,无为市,14,-1,14,芜湖,3402,安徽,34
340202,镜湖区,6,-1,6,芜湖,3402,安徽,34
340203,弋江区,3,-1,3,芜湖,3402,安徽,34
340223,南陵县,3,-1,3,芜湖,3402,安徽,34
0,经开区,2,-1,2,芜湖,3402,安徽,34
340221,芜湖县,2,-1,2,芜湖,3402,安徽,34
340207,鸠江区,1,-1,1,芜湖,3402,安徽,34
-1,未公布来源,3,0,3,芜湖,3402,安徽,34
340722,枞阳县,22,-1,22,铜陵,3407,安徽,34
340706,义安区,4,-1,4,铜陵,3407,安徽,34
340705,铜官区,2,-1,2,铜陵,3407,安徽,34
-1,未公布来源,1,0,1,铜陵,3407,安徽,34
340603,相山区,13,-1,13,淮北,3406,安徽,34
340621,濉溪县,8,-1,8,淮北,3406,安徽,34
340604,烈山区,2,-1,2,淮北,3406,安徽,34
0,外来人口,2,-1,2,淮北,3406,安徽,34
340602,杜集区,2,-1,2,淮北,3406,安徽,34
340421,凤台县,14,-1,14,淮南,3404,安徽,34
340403,田家庵区,9,-1,9,淮南,3404,安徽,34
340406,潘集区,2,-1,2,淮南,3404,安徽,34
340405,八公山区,2,-1,2,淮南,3404,安徽,34
341721,东至县,13,-1,13,池州,3417,安徽,34
341723,青阳县,3,-1,3,池州,3417,安徽,34
341702,贵池区,1,-1,1,池州,3417,安徽,34
341126,凤阳县,6,-1,6,滁州,3411,安徽,34
341181,天长市,3,-1,3,滁州,3411,安徽,34
341102,琅琊区,1,-1,1,滁州,3411,安徽,34
341124,全椒县,1,-1,1,滁州,3411,安徽,34
341182,明光市,1,-1,1,滁州,3411,安徽,34
341125,定远县,1,-1,1,滁州,3411,安徽,34
341021,歙县,6,-1,6,黄山,3410,安徽,34
341022,休宁县,2,-1,2,黄山,3410,安徽,34
-1,未公布来源,1,0,1,黄山,3410,安徽,34
341881,宁国市,2,-1,2,宣城,3418,安徽,34
341824,绩溪县,2,-1,2,宣城,3418,安徽,34
341821,郎溪县,1,-1,1,宣城,3418,安徽,34
341802,宣州区,1,-1,1,宣城,3418,安徽,34
0,高新区,43,-1,43,南昌,3601,江西,36
360121,南昌县,42,-1,42,南昌,3601,江西,36
360124,进贤县,37,-1,37,南昌,3601,江西,36
360103,西湖区,35,-1,35,南昌,3601,江西,36
360111,青山湖区,15,-1,15,南昌,3601,江西,36
360102,东湖区,14,-1,14,南昌,3601,江西,36
360104,青云谱区,14,-1,14,南昌,3601,江西,36
0,红谷滩新区,11,-1,11,南昌,3601,江西,36
360112,新建区,9,-1,9,南昌,3601,江西,36
360123,安义县,5,-1,5,南昌,3601,江西,36
0,经开区,5,-1,5,南昌,3601,江西,36
360502,渝水区,94,-1,94,新余,3605,江西,36
0,高新区,19,-1,19,新余,3605,江西,36
360521,分宜县,13,-1,13,新余,3605,江西,36
0,仙女湖区,4,-1,4,新余,3605,江西,36
361128,鄱阳县,61,-1,61,上饶,3611,江西,36
361103,广丰区,17,-1,17,上饶,3611,江西,36
361102,信州区,13,-1,13,上饶,3611,江西,36
361123,玉山县,10,-1,10,上饶,3611,江西,36
361130,婺源县,6,-1,6,上饶,3611,江西,36
361121,广信区,5,-1,5,上饶,3611,江西,36
361127,余干县,4,-1,4,上饶,3611,江西,36
361181,德兴市,3,-1,3,上饶,3611,江西,36
361124,铅山县,2,-1,2,上饶,3611,江西,36
361129,万年县,1,-1,1,上饶,3611,江西,36
361126,弋阳县,1,-1,1,上饶,3611,江西,36
360403,浔阳区,20,-1,20,九江,3604,江西,36
360429,湖口县,16,-1,16,九江,3604,江西,36
360402,濂溪区,15,-1,15,九江,3604,江西,36
360428,都昌县,12,-1,12,九江,3604,江西,36
360424,修水县,11,-1,11,九江,3604,江西,36
360425,永修县,9,-1,9,九江,3604,江西,36
0,八里湖新区,8,-1,8,九江,3604,江西,36
360430,彭泽县,7,-1,7,九江,3604,江西,36
0,开发区,4,-1,4,九江,3604,江西,36
360404,柴桑区,3,-1,3,九江,3604,江西,36
0,庐山西海管委会,3,-1,3,九江,3604,江西,36
360426,德安县,3,-1,3,九江,3604,江西,36
360423,武宁县,3,-1,3,九江,3604,江西,36
360482,共青城市,2,-1,2,九江,3604,江西,36
360481,瑞昌市,1,-1,1,九江,3604,江西,36
360483,庐山市,1,-1,1,九江,3604,江西,36
360981,丰城市,64,-1,64,宜春,3609,江西,36
360926,铜鼓县,13,-1,13,宜春,3609,江西,36
0,宜阳新区,8,-1,8,宜春,3609,江西,36
360902,袁州区,5,-1,5,宜春,3609,江西,36
360921,奉新县,5,-1,5,宜春,3609,江西,36
360924,宜丰县,4,-1,4,宜春,3609,江西,36
360983,高安市,3,-1,3,宜春,3609,江西,36
360982,樟树市,2,-1,2,宜春,3609,江西,36
360922,万载县,1,-1,1,宜春,3609,江西,36
360923,上高县,1,-1,1,宜春,3609,江西,36
360702,章贡区,28,-1,28,赣州,3607,江西,36
360721,赣县区,9,1,8,赣州,3607,江西,36
360723,大余县,6,-1,6,赣州,3607,江西,36
360731,于都县,5,-1,5,赣州,3607,江西,36
360732,兴国县,4,-1,4,赣州,3607,江西,36
360703,南康区,4,-1,4,赣州,3607,江西,36
360733,会昌县,4,-1,4,赣州,3607,江西,36
360727,龙南县,4,-1,4,赣州,3607,江西,36
360726,安远县,3,-1,3,赣州,3607,江西,36
0,赣州经开区,3,-1,3,赣州,3607,江西,36
360729,全南县,3,-1,3,赣州,3607,江西,36
360725,崇义县,1,-1,1,赣州,3607,江西,36
360730,宁都县,1,-1,1,赣州,3607,江西,36
360735,石城县,1,-1,1,赣州,3607,江西,36
361002,临川区,29,-1,29,抚州,3610,江西,36
361027,金溪县,15,-1,15,抚州,3610,江西,36
361023,南丰县,6,-1,6,抚州,3610,江西,36
361022,黎川县,5,-1,5,抚州,3610,江西,36
361029,东乡区,5,-1,5,抚州,3610,江西,36
361025,乐安县,5,-1,5,抚州,3610,江西,36
361024,崇仁县,5,-1,5,抚州,3610,江西,36
361021,南城县,2,-1,2,抚州,3610,江西,36
360313,湘东区,8,-1,8,萍乡,3603,江西,36
360302,安源区,6,-1,6,萍乡,3603,江西,36
360323,芦溪县,5,-1,5,萍乡,3603,江西,36
360321,莲花县,5,-1,5,萍乡,3603,江西,36
0,萍乡经济技术开发区,4,-1,4,萍乡,3603,江西,36
360322,上栗县,3,-1,3,萍乡,3603,江西,36
0,武功山风景名胜区,1,-1,1,萍乡,3603,江西,36
-1,未公布来源,1,0,1,萍乡,3603,江西,36
360827,遂川县,4,-1,4,吉安,3608,江西,36
360822,吉水县,4,-1,4,吉安,3608,江西,36
360824,新干县,3,-1,3,吉安,3608,江西,36
360826,泰和县,3,-1,3,吉安,3608,江西,36
360823,峡江县,2,-1,2,吉安,3608,江西,36
360825,永丰县,2,-1,2,吉安,3608,江西,36
360828,万安县,2,-1,2,吉安,3608,江西,36
360821,吉安县,1,-1,1,吉安,3608,江西,36
360830,永新县,1,-1,1,吉安,3608,江西,36
360681,贵溪市,11,-1,11,鹰潭,3606,江西,36
0,信江新区,2,-1,2,鹰潭,3606,江西,36
360602,月湖区,2,-1,2,鹰潭,3606,江西,36
360622,余江区,1,-1,1,鹰潭,3606,江西,36
0,高新区,1,-1,1,鹰潭,3606,江西,36
-1,未公布来源,1,0,1,鹰潭,3606,江西,36
360203,珠山区,4,-1,4,景德镇,3602,江西,36
360202,昌江区,1,-1,1,景德镇,3602,江西,36
360281,乐平市,1,-1,1,景德镇,3602,江西,36
370811,任城区,235,-1,4,济宁,3708,山东,37
370881,曲阜市,13,-1,11,济宁,3708,山东,37
370812,兖州区,6,-1,5,济宁,3708,山东,37
370830,汶上县,2,-1,1,济宁,3708,山东,37
370829,嘉祥县,1,-1,1,济宁,3708,山东,37
370826,微山县,1,-1,-1,济宁,3708,山东,37
370828,金乡县,1,-1,-1,济宁,3708,山东,37
370883,邹城市,1,-1,1,济宁,3708,山东,37
-1,未公布来源,0,0,237,济宁,3708,山东,37
370203,市北区,14,-1,14,青岛,3702,山东,37
370211,黄岛区,13,-1,13,青岛,3702,山东,37
370215,即墨区,8,-1,8,青岛,3702,山东,37
370202,市南区,7,1,6,青岛,3702,山东,37
370213,李沧区,6,-1,6,青岛,3702,山东,37
370212,崂山区,4,-1,4,青岛,3702,山东,37
370283,平度市,3,-1,3,青岛,3702,山东,37
370285,莱西市,3,-1,3,青岛,3702,山东,37
370214,城阳区,2,-1,2,青岛,3702,山东,37
370281,胶州市,1,-1,1,青岛,3702,山东,37
371302,兰山区,18,-1,18,临沂,3713,山东,37
371327,莒南县,6,-1,6,临沂,3713,山东,37
371322,郯城县,5,-1,5,临沂,3713,山东,37
371326,平邑县,4,-1,4,临沂,3713,山东,37
371323,沂水县,4,-1,4,临沂,3713,山东,37
371321,沂南县,4,-1,4,临沂,3713,山东,37
371325,费县,3,-1,3,临沂,3713,山东,37
371312,河东区,2,-1,2,临沂,3713,山东,37
371329,临沭县,2,-1,2,临沂,3713,山东,37
371324,兰陵县,1,-1,1,临沂,3713,山东,37
370602,芝罘区,10,-1,10,烟台,3706,山东,37
370611,福山区,10,-1,10,烟台,3706,山东,37
370687,海阳市,9,-1,9,烟台,3706,山东,37
370682,莱阳市,6,-1,6,烟台,3706,山东,37
370685,招远市,6,-1,6,烟台,3706,山东,37
370612,牟平区,3,-1,3,烟台,3706,山东,37
370683,莱州市,2,-1,2,烟台,3706,山东,37
370613,莱山区,1,-1,1,烟台,3706,山东,37
370103,市中区,28,-1,-1,济南,3701,山东,37
370102,历下区,5,-1,-1,济南,3701,山东,37
370113,长清区,4,-1,-1,济南,3701,山东,37
370105,天桥区,4,-1,-1,济南,3701,山东,37
370112,历城区,4,-1,-1,济南,3701,山东,37
370181,章丘区,1,-1,-1,济南,3701,山东,37
370104,槐荫区,1,-1,-1,济南,3701,山东,37
-1,未公布来源,0,0,47,济南,3701,山东,37
370705,奎文区,26,-1,26,潍坊,3707,山东,37
370725,昌乐县,6,-1,6,潍坊,3707,山东,37
370782,诸城市,4,-1,4,潍坊,3707,山东,37
370724,临朐县,3,-1,3,潍坊,3707,山东,37
370785,高密市,2,-1,2,潍坊,3707,山东,37
370784,安丘市,1,-1,1,潍坊,3707,山东,37
370783,寿光市,1,-1,1,潍坊,3707,山东,37
370786,昌邑市,1,-1,1,潍坊,3707,山东,37
371002,环翠区,22,-1,22,威海,3710,山东,37
371083,乳山市,8,-1,7,威海,3710,山东,37
371003,文登区,7,-1,7,威海,3710,山东,37
371082,荣成市,1,-1,1,威海,3710,山东,37
-1,未公布来源,0,1,0,威海,3710,山东,37
371502,东昌府区,27,-1,27,聊城,3715,山东,37
371521,阳谷县,4,-1,4,聊城,3715,山东,37
371522,莘县,3,-1,3,聊城,3715,山东,37
371524,东阿县,2,-1,2,聊城,3715,山东,37
371581,临清市,1,-1,1,聊城,3715,山东,37
371525,冠县,1,-1,1,聊城,3715,山东,37
371428,武城县,13,1,12,德州,3714,山东,37
371402,德城区,9,1,8,德州,3714,山东,37
371481,乐陵市,7,-1,7,德州,3714,山东,37
371482,禹城市,3,-1,3,德州,3714,山东,37
371422,宁津县,3,-1,3,德州,3714,山东,37
371423,庆云县,2,-1,2,德州,3714,山东,37
370902,泰山区,25,-1,20,泰安,3709,山东,37
370982,新泰市,4,-1,3,泰安,3709,山东,37
370923,东平县,2,-1,2,泰安,3709,山东,37
370983,肥城市,2,-1,2,泰安,3709,山东,37
370921,宁阳县,1,-1,1,泰安,3709,山东,37
370911,岱岳区,1,-1,1,泰安,3709,山东,37
-1,未公布来源,0,2,4,泰安,3709,山东,37
370303,张店区,10,1,9,淄博,3703,山东,37
370304,博山区,10,-1,10,淄博,3703,山东,37
370302,淄川区,8,-1,8,淄博,3703,山东,37
370321,桓台县,1,-1,1,淄博,3703,山东,37
370306,周村区,1,-1,1,淄博,3703,山东,37
370402,市中区,5,-1,5,枣庄,3704,山东,37
370404,峄城区,5,-1,5,枣庄,3704,山东,37
370481,滕州市,5,-1,5,枣庄,3704,山东,37
370406,山亭区,4,-1,4,枣庄,3704,山东,37
370403,薛城区,4,-1,4,枣庄,3704,山东,37
370405,台儿庄区,1,-1,1,枣庄,3704,山东,37
371724,巨野县,7,-1,7,菏泽,3717,山东,37
371702,牡丹区,6,-1,6,菏泽,3717,山东,37
371722,单县,1,-1,1,菏泽,3717,山东,37
371721,曹县,1,-1,1,菏泽,3717,山东,37
371723,成武县,1,-1,1,菏泽,3717,山东,37
371725,郓城县,1,-1,1,菏泽,3717,山东,37
371728,东明县,1,-1,1,菏泽,3717,山东,37
371102,东港区,12,-1,12,日照,3711,山东,37
371121,五莲县,2,-1,2,日照,3711,山东,37
371103,岚山区,2,-1,2,日照,3711,山东,37
371626,邹平市,7,-1,7,滨州,3716,山东,37
371623,无棣县,3,-1,3,滨州,3716,山东,37
371621,惠民县,3,-1,3,滨州,3716,山东,37
371602,滨城区,1,-1,1,滨州,3716,山东,37
371622,阳信县,1,-1,1,滨州,3716,山东,37
320115,江宁区,22,-1,22,南京,3201,江苏,32
320106,鼓楼区,17,-1,17,南京,3201,江苏,32
320105,建邺区,13,-1,13,南京,3201,江苏,32
320113,栖霞区,10,-1,10,南京,3201,江苏,32
320102,玄武区,7,-1,7,南京,3201,江苏,32
320111,浦口区,6,-1,6,南京,3201,江苏,32
0,江北新区,6,-1,6,南京,3201,江苏,32
320114,雨花台区,5,-1,5,南京,3201,江苏,32
320116,六合区,3,-1,3,南京,3201,江苏,32
320117,溧水区,2,-1,2,南京,3201,江苏,32
320104,秦淮区,1,-1,1,南京,3201,江苏,32
320118,高淳区,1,-1,1,南京,3201,江苏,32
0,工业园区,24,-1,24,苏州,3205,江苏,32
320583,昆山市,19,-1,19,苏州,3205,江苏,32
320509,吴江区,10,-1,10,苏州,3205,江苏,32
320506,吴中区,8,-1,8,苏州,3205,江苏,32
320508,姑苏区,6,-1,6,苏州,3205,江苏,32
0,高新区,6,-1,6,苏州,3205,江苏,32
320507,相城区,5,-1,5,苏州,3205,江苏,32
320581,常熟市,4,-1,4,苏州,3205,江苏,32
320585,太仓市,3,-1,3,苏州,3205,江苏,32
320582,张家港市,2,-1,2,苏州,3205,江苏,32
320324,睢宁县,31,-1,31,徐州,3203,江苏,32
320382,邳州市,15,-1,15,徐州,3203,江苏,32
320322,沛县,7,-1,7,徐州,3203,江苏,32
320305,贾汪区,7,-1,7,徐州,3203,江苏,32
320303,云龙区,5,-1,5,徐州,3203,江苏,32
320311,泉山区,5,-1,5,徐州,3203,江苏,32
320302,鼓楼区,3,-1,3,徐州,3203,江苏,32
320321,丰县,3,-1,3,徐州,3203,江苏,32
320381,新沂市,2,-1,2,徐州,3203,江苏,32
-1,未公布来源,1,0,1,徐州,3203,江苏,32
320803,淮安区,44,-1,44,淮安,3208,江苏,32
320812,清江浦区,6,-1,6,淮安,3208,江苏,32
0,生态文旅区,5,-1,5,淮安,3208,江苏,32
0,白马湖农场,3,-1,3,淮安,3208,江苏,32
320804,淮阴区,3,-1,3,淮安,3208,江苏,32
320831,金湖县,2,-1,2,淮安,3208,江苏,32
0,经济技术开发区,2,-1,2,淮安,3208,江苏,32
320826,涟水县,1,-1,1,淮安,3208,江苏,32
0,惠山区,18,-1,18,无锡,3202,江苏,32
0,锡山区,14,-1,14,无锡,3202,江苏,32
0,滨湖区,7,-1,7,无锡,3202,江苏,32
0,新吴区,6,-1,6,无锡,3202,江苏,32
0,江阴市,5,-1,5,无锡,3202,江苏,32
0,宜兴市,3,-1,3,无锡,3202,江苏,32
0,梁溪区,2,-1,2,无锡,3202,江苏,32
320413,金坛区,18,-1,18,常州,3204,江苏,32
0,经开区,12,-1,12,常州,3204,江苏,32
320412,武进区,8,-1,8,常州,3204,江苏,32
320402,天宁区,5,-1,5,常州,3204,江苏,32
320481,溧阳市,3,-1,3,常州,3204,江苏,32
320411,新北区,3,-1,3,常州,3204,江苏,32
320404,钟楼区,2,-1,2,常州,3204,江苏,32
320684,海门市,14,-1,14,南通,3206,江苏,32
320612,通州区,8,-1,8,南通,3206,江苏,32
320682,如皋市,7,-1,7,南通,3206,江苏,32
320621,海安市,5,-1,5,南通,3206,江苏,32
320681,启东市,3,-1,3,南通,3206,江苏,32
320623,如东县,3,-1,3,南通,3206,江苏,32
0,靖江市,14,-1,14,泰州,3212,江苏,32
0,姜堰区,10,-1,10,泰州,3212,江苏,32
0,高港区,4,-1,4,泰州,3212,江苏,32
0,泰兴市,3,-1,3,泰州,3212,江苏,32
0,海陵区,3,-1,3,泰州,3212,江苏,32
0,泰州医药高新区,2,-1,2,泰州,3212,江苏,32
0,兴化市,1,-1,1,泰州,3212,江苏,32
320903,盐都区,8,-1,8,盐城,3209,江苏,32
320923,阜宁县,5,-1,5,盐城,3209,江苏,32
0,盐南高新区,5,-1,5,盐城,3209,江苏,32
320981,东台市,4,-1,4,盐城,3209,江苏,32
320904,大丰区,3,-1,3,盐城,3209,江苏,32
320922,滨海县,2,-1,2,盐城,3209,江苏,32
810000,香港,641,4,118,香港,81,香港,81
0,高新区,19,-1,17,成都,5101,四川,51
510107,武侯区,15,-1,13,成都,5101,四川,51
510108,成华区,15,-1,14,成都,5101,四川,51
510104,锦江区,11,-1,10,成都,5101,四川,51
510106,金牛区,11,-1,9,成都,5101,四川,51
0,天府新区,10,-1,7,成都,5101,四川,51
510129,大邑县,8,-1,7,成都,5101,四川,51
510121,金堂县,8,-1,7,成都,5101,四川,51
510115,温江区,7,-1,5,成都,5101,四川,51
510113,青白江区,7,-1,4,成都,5101,四川,51
510117,郫都区,7,-1,7,成都,5101,四川,51
510183,邛崃市,5,-1,5,成都,5101,四川,51
510105,青羊区,5,-1,4,成都,5101,四川,51
510112,龙泉驿区,4,-1,3,成都,5101,四川,51
0,境外输入,4,-1,-1,成都,5101,四川,51
510116,双流区,3,-1,3,成都,5101,四川,51
510185,简阳市,2,-1,2,成都,5101,四川,51
510132,新津县,2,-1,2,成都,5101,四川,51
510114,新都区,2,-1,2,成都,5101,四川,51
-1,未公布来源,10,3,20,成都,5101,四川,51
513326,道孚县,73,-1,73,甘孜,5133,四川,51
513333,色达县,2,-1,2,甘孜,5133,四川,51
513301,康定市,2,-1,2,甘孜,5133,四川,51
513337,稻城县,1,-1,1,甘孜,5133,四川,51
511723,开江县,11,-1,11,达州,5117,四川,51
511725,渠县,8,-1,8,达州,5117,四川,51
511724,大竹县,6,-1,6,达州,5117,四川,51
511722,宣汉县,5,-1,5,达州,5117,四川,51
511702,通川区,5,-1,5,达州,5117,四川,51
511781,万源市,4,-1,4,达州,5117,四川,51
511703,达川区,3,-1,3,达州,5117,四川,51
511302,顺庆区,12,-1,12,南充,5113,四川,51
511304,嘉陵区,6,-1,6,南充,5113,四川,51
511381,阆中市,5,-1,5,南充,5113,四川,51
511303,高坪区,4,-1,4,南充,5113,四川,51
511323,蓬安县,4,-1,4,南充,5113,四川,51
511321,南部县,3,-1,3,南充,5113,四川,51
511324,仪陇县,2,-1,2,南充,5113,四川,51
511325,西充县,2,-1,2,南充,5113,四川,51
511322,营山县,1,-1,1,南充,5113,四川,51
511602,广安区,15,-1,15,广安,5116,四川,51
511622,武胜县,6,-1,6,广安,5116,四川,51
511621,岳池县,5,-1,5,广安,5116,四川,51
511681,华蓥市,2,-1,2,广安,5116,四川,51
511623,邻水县,2,-1,2,广安,5116,四川,51
511902,巴州区,15,-1,15,巴中,5119,四川,51
511921,通江县,5,-1,5,巴中,5119,四川,51
511923,平昌县,3,-1,3,巴中,5119,四川,51
511903,恩阳区,1,-1,1,巴中,5119,四川,51
510504,龙马潭区,8,-1,8,泸州,5105,四川,51
510502,江阳区,7,-1,7,泸州,5105,四川,51
510521,泸县,6,-1,6,泸州,5105,四川,51
510525,古蔺县,2,-1,2,泸州,5105,四川,51
510524,叙永县,1,-1,1,泸州,5105,四川,51
511025,资中县,7,-1,7,内江,5110,四川,51
511011,东兴区,7,-1,7,内江,5110,四川,51
511002,市中区,4,-1,4,内江,5110,四川,51
511024,威远县,2,-1,2,内江,5110,四川,51
511028,隆昌市,2,-1,2,内江,5110,四川,51
510781,江油市,6,-1,6,绵阳,5107,四川,51
510703,涪城区,3,-1,3,绵阳,5107,四川,51
510722,三台县,2,-1,2,绵阳,5107,四川,51
510705,安州区,2,-1,2,绵阳,5107,四川,51
510723,盐亭县,2,-1,2,绵阳,5107,四川,51
0,高新区,2,-1,2,绵阳,5107,四川,51
0,科创区,2,-1,2,绵阳,5107,四川,51
510704,游仙区,2,-1,2,绵阳,5107,四川,51
510726,北川羌族自治县,1,-1,1,绵阳,5107,四川,51
510683,绵竹市,8,-1,8,德阳,5106,四川,51
510681,广汉市,5,-1,5,德阳,5106,四川,51
510603,旌阳区,4,-1,4,德阳,5106,四川,51
510623,中江县,1,-1,1,德阳,5106,四川,51
510922,射洪市,6,-1,6,遂宁,5109,四川,51
510921,蓬溪县,4,-1,4,遂宁,5109,四川,51
510923,大英县,3,-1,3,遂宁,5109,四川,51
0,遂宁经开区,2,-1,2,遂宁,5109,四川,51
510903,船山区,1,-1,1,遂宁,5109,四川,51
0,市河东新区,1,-1,1,遂宁,5109,四川,51
510402,东区,10,-1,10,攀枝花,5104,四川,51
510403,西区,5,-1,5,攀枝花,5104,四川,51
510421,米易县,1,-1,1,攀枝花,5104,四川,51
513401,西昌市,8,-1,8,凉山,5134,四川,51
513435,甘洛县,3,-1,3,凉山,5134,四川,51
513423,盐源县,2,-1,2,凉山,5134,四川,51
511502,翠屏区,3,-1,3,宜宾,5115,四川,51
511521,叙州区,2,-1,2,宜宾,5115,四川,51
511526,珙县,2,-1,2,宜宾,5115,四川,51
511528,兴文县,1,-1,1,宜宾,5115,四川,51
511523,江安县,1,-1,1,宜宾,5115,四川,51
511503,南溪区,1,-1,1,宜宾,5115,四川,51
-1,未公布来源,2,0,2,宜宾,5115,四川,51
510302,自流井区,3,-1,3,自贡,5103,四川,51
510321,荣县,3,-1,3,自贡,5103,四川,51
510304,大安区,1,-1,1,自贡,5103,四川,51
510322,富顺县,1,-1,1,自贡,5103,四川,51
510311,沿滩区,1,-1,1,自贡,5103,四川,51
511402,东坡区,4,-1,4,眉山,5114,四川,51
511421,仁寿县,4,-1,4,眉山,5114,四川,51
511825,天全县,3,-1,3,雅安,5118,四川,51
0,外来人口,1,-1,1,雅安,5118,四川,51
511826,芦山县,1,-1,1,雅安,5118,四川,51
511824,石棉县,1,-1,1,雅安,5118,四川,51
511802,雨城区,1,-1,1,雅安,5118,四川,51
510824,苍溪县,5,-1,5,广元,5108,四川,51
510823,剑阁县,1,-1,1,广元,5108,四川,51
512002,雁江区,3,-1,3,资阳,5120,四川,51
512021,安岳县,1,-1,1,资阳,5120,四川,51
511124,井研县,2,-1,2,乐山,5111,四川,51
511102,市中区,1,-1,1,乐山,5111,四川,51
513201,马尔康市,1,-1,1,阿坝,5132,四川,51
230103,南岗区,36,-1,-1,哈尔滨,2301,黑龙江,23
230110,香坊区,35,-1,-1,哈尔滨,2301,黑龙江,23
230102,道里区,31,-1,-1,哈尔滨,2301,黑龙江,23
230184,五常市,26,-1,-1,哈尔滨,2301,黑龙江,23
230104,道外区,23,-1,-1,哈尔滨,2301,黑龙江,23
230183,尚志市,21,-1,-1,哈尔滨,2301,黑龙江,23
230126,巴彦县,8,-1,-1,哈尔滨,2301,黑龙江,23
230124,方正县,8,-1,-1,哈尔滨,2301,黑龙江,23
230112,阿城区,5,-1,-1,哈尔滨,2301,黑龙江,23
230113,双城区,2,-1,-1,哈尔滨,2301,黑龙江,23
230109,松北区,2,-1,-1,哈尔滨,2301,黑龙江,23
230127,木兰县,1,-1,-1,哈尔滨,2301,黑龙江,23
-1,未公布来源,0,4,194,哈尔滨,2301,黑龙江,23
230522,友谊县,46,3,43,双鸭山,2305,黑龙江,23
230523,宝清县,3,-1,3,双鸭山,2305,黑龙江,23
230502,尖山区,1,-1,1,双鸭山,2305,黑龙江,23
230521,集贤县,1,-1,1,双鸭山,2305,黑龙江,23
230505,四方台区,1,-1,1,双鸭山,2305,黑龙江,23
231202,北林区,23,4,19,绥化,2312,黑龙江,23
231226,绥棱县,15,-1,15,绥化,2312,黑龙江,23
231224,庆安县,4,-1,4,绥化,2312,黑龙江,23
231222,兰西县,4,-1,4,绥化,2312,黑龙江,23
231281,安达市,1,-1,1,绥化,2312,黑龙江,23
230203,建华区,10,-1,-1,齐齐哈尔,2302,黑龙江,23
230202,龙沙区,5,-1,-1,齐齐哈尔,2302,黑龙江,23
230221,龙江县,5,-1,-1,齐齐哈尔,2302,黑龙江,23
230225,甘南县,4,-1,-1,齐齐哈尔,2302,黑龙江,23
230223,依安县,1,-1,-1,齐齐哈尔,2302,黑龙江,23
230281,讷河市,1,-1,-1,齐齐哈尔,2302,黑龙江,23
230231,拜泉县,1,-1,-1,齐齐哈尔,2302,黑龙江,23
230204,铁锋区,1,-1,-1,齐齐哈尔,2302,黑龙江,23
230208,梅里斯达斡尔族区,1,-1,-1,齐齐哈尔,2302,黑龙江,23
-1,未公布来源,14,1,42,齐齐哈尔,2302,黑龙江,23
230604,让胡路区,15,-1,15,大庆,2306,黑龙江,23
230621,肇州县,7,1,6,大庆,2306,黑龙江,23
230622,肇源县,2,-1,2,大庆,2306,黑龙江,23
230602,萨尔图区,1,-1,1,大庆,2306,黑龙江,23
230605,红岗区,1,-1,1,大庆,2306,黑龙江,23
231003,阳明区,5,-1,5,牡丹江,2310,黑龙江,23
231005,西安区,3,-1,3,牡丹江,2310,黑龙江,23
231004,爱民区,3,-1,3,牡丹江,2310,黑龙江,23
231083,海林市,1,-1,1,牡丹江,2310,黑龙江,23
-1,未公布来源,3,0,3,牡丹江,2310,黑龙江,23
0,金林区,1,-1,1,伊春,2307,黑龙江,23
350181,福清市,16,-1,16,福州,3501,福建,35
350111,晋安区,11,1,10,福州,3501,福建,35
350104,仓山区,10,-1,10,福州,3501,福建,35
350122,连江县,8,-1,8,福州,3501,福建,35
350124,闽清县,7,-1,7,福州,3501,福建,35
350182,长乐区,6,-1,6,福州,3501,福建,35
350121,闽侯县,3,-1,3,福州,3501,福建,35
350125,永泰县,2,-1,2,福州,3501,福建,35
350102,鼓楼区,2,-1,2,福州,3501,福建,35
350123,罗源县,1,-1,1,福州,3501,福建,35
-1,未公布来源,6,0,6,福州,3501,福建,35
350302,城厢区,31,-1,31,莆田,3503,福建,35
350304,荔城区,8,-1,8,莆田,3503,福建,35
350305,秀屿区,6,-1,6,莆田,3503,福建,35
350322,仙游县,5,-1,5,莆田,3503,福建,35
350303,涵江区,3,-1,3,莆田,3503,福建,35
0,湄洲湾北岸,3,-1,3,莆田,3503,福建,35
350582,晋江市,20,-1,20,泉州,3505,福建,35
350583,南安市,13,-1,13,泉州,3505,福建,35
350503,丰泽区,4,-1,4,泉州,3505,福建,35
350524,安溪县,2,-1,2,泉州,3505,福建,35
350521,惠安县,2,-1,2,泉州,3505,福建,35
350581,石狮市,2,-1,2,泉州,3505,福建,35
350525,永春县,2,-1,2,泉州,3505,福建,35
350504,洛江区,1,-1,1,泉州,3505,福建,35
350502,鲤城区,1,-1,1,泉州,3505,福建,35
350203,思明区,13,-1,13,厦门,3502,福建,35
350211,集美区,4,-1,4,厦门,3502,福建,35
350206,湖里区,3,-1,3,厦门,3502,福建,35
350213,翔安区,3,-1,3,厦门,3502,福建,35
350205,海沧区,2,-1,2,厦门,3502,福建,35
-1,未公布来源,10,0,10,厦门,3502,福建,35
350922,古田县,11,-1,11,宁德,3509,福建,35
350925,周宁县,6,-1,6,宁德,3509,福建,35
350921,霞浦县,4,-1,4,宁德,3509,福建,35
350902,蕉城区,3,-1,3,宁德,3509,福建,35
350982,福鼎市,1,-1,1,宁德,3509,福建,35
350981,福安市,1,-1,1,宁德,3509,福建,35
350602,芗城区,9,-1,9,漳州,3506,福建,35
350625,长泰县,3,-1,3,漳州,3506,福建,35
350622,云霄县,2,-1,2,漳州,3506,福建,35
350624,诏安县,2,-1,2,漳州,3506,福建,35
350603,龙文区,1,-1,1,漳州,3506,福建,35
350627,南靖县,1,-1,1,漳州,3506,福建,35
350626,东山县,1,-1,1,漳州,3506,福建,35
350681,龙海市,1,-1,1,漳州,3506,福建,35
350724,松溪县,5,-1,5,南平,3507,福建,35
350702,延平区,4,-1,4,南平,3507,福建,35
350782,武夷山市,3,-1,3,南平,3507,福建,35
350783,建瓯市,2,-1,2,南平,3507,福建,35
350723,光泽县,1,-1,1,南平,3507,福建,35
350721,顺昌县,1,-1,1,南平,3507,福建,35
350722,浦城县,1,-1,1,南平,3507,福建,35
350703,建阳区,1,-1,1,南平,3507,福建,35
350725,政和县,1,-1,1,南平,3507,福建,35
-1,未公布来源,1,0,1,南平,3507,福建,35
350427,沙县,5,-1,5,三明,3504,福建,35
350481,永安市,3,-1,3,三明,3504,福建,35
350426,尤溪县,2,-1,2,三明,3504,福建,35
350403,三元区,2,-1,2,三明,3504,福建,35
350424,宁化县,1,-1,1,三明,3504,福建,35
350428,将乐县,1,-1,1,三明,3504,福建,35
350803,永定区,5,-1,5,龙岩,3508,福建,35
350824,武平县,1,-1,1,龙岩,3508,福建,35
130723,康保县,14,-1,14,张家口,1307,河北,13
130705,宣化区,12,-1,12,张家口,1307,河北,13
0,察北管理区,7,-1,7,张家口,1307,河北,13
130725,尚义县,4,-1,4,张家口,1307,河北,13
130703,桥西区,2,-1,2,张家口,1307,河北,13
130709,崇礼区,1,-1,1,张家口,1307,河北,13
130708,万全区,1,-1,1,张家口,1307,河北,13
0,经济开发区,4,-1,-1,秦皇岛,1303,河北,13
0,抚宁区,2,-1,-1,秦皇岛,1303,河北,13
0,海港区,2,-1,-1,秦皇岛,1303,河北,13
0,北戴河区,1,-1,-1,秦皇岛,1303,河北,13
0,卢龙县,1,-1,-1,秦皇岛,1303,河北,13
-1,未公布来源,0,1,9,秦皇岛,1303,河北,13
710000,台湾,298,3,39,台湾,71,台湾,71
450103,青秀区,30,-1,30,南宁,4501,广西,45
450124,马山县,9,-1,9,南宁,4501,广西,45
450107,西乡塘区,6,-1,6,南宁,4501,广西,45
450123,隆安县,3,-1,3,南宁,4501,广西,45
450109,邕宁区,3,-1,3,南宁,4501,广西,45
450108,良庆区,2,-1,2,南宁,4501,广西,45
450105,江南区,1,-1,1,南宁,4501,广西,45
450127,横县,1,-1,1,南宁,4501,广西,45
450304,象山区,7,-1,7,桂林,4503,广西,45
450303,叠彩区,4,-1,4,桂林,4503,广西,45
450321,阳朔县,3,-1,3,桂林,4503,广西,45
450324,全州县,3,-1,3,桂林,4503,广西,45
450326,永福县,3,-1,3,桂林,4503,广西,45
450305,七星区,2,-1,2,桂林,4503,广西,45
450302,秀峰区,2,-1,2,桂林,4503,广西,45
450312,临桂区,2,-1,2,桂林,4503,广西,45
450330,平乐县,2,-1,2,桂林,4503,广西,45
450332,恭城瑶族自治县,2,-1,2,桂林,4503,广西,45
450325,兴安县,1,-1,1,桂林,4503,广西,45
450311,雁山区,1,-1,1,桂林,4503,广西,45
451228,都安瑶族自治县,21,1,20,河池,4512,广西,45
451202,金城江区,3,-1,3,河池,4512,广西,45
451226,环江毛南族自治县,2,-1,2,河池,4512,广西,45
451281,宜州区,1,-1,1,河池,4512,广西,45
451221,南丹县,1,-1,1,河池,4512,广西,45
450205,柳北区,12,-1,12,柳州,4502,广西,45
450204,柳南区,4,-1,4,柳州,4502,广西,45
450203,鱼峰区,3,-1,3,柳州,4502,广西,45
450223,鹿寨县,2,-1,2,柳州,4502,广西,45
450221,柳江区,1,-1,1,柳州,4502,广西,45
450202,城中区,1,-1,1,柳州,4502,广西,45
450222,柳城县,1,-1,1,柳州,4502,广西,45
451302,兴宾区,10,-1,10,来宾,4513,广西,45
451322,象州县,1,-1,1,来宾,4513,广西,45
450902,玉州区,5,-1,5,玉林,4509,广西,45
450923,博白县,2,-1,2,玉林,4509,广西,45
450903,福绵区,1,-1,1,玉林,4509,广西,45
450922,陆川县,1,-1,1,玉林,4509,广西,45
450981,北流市,1,-1,1,玉林,4509,广西,45
-1,未公布来源,1,0,1,玉林,4509,广西,45
450721,灵山县,8,-1,8,钦州,4507,广西,45
450802,港北区,4,-1,4,贵港,4508,广西,45
450881,桂平市,2,-1,2,贵港,4508,广西,45
450821,平南县,2,-1,2,贵港,4508,广西,45
450406,龙圩区,3,-1,3,梧州,4504,广西,45
450405,长洲区,1,-1,1,梧州,4504,广西,45
450422,藤县,1,-1,1,梧州,4504,广西,45
451103,平桂区,2,-1,2,贺州,4511,广西,45
451123,富川瑶族自治县,2,-1,2,贺州,4511,广西,45
451002,右江区,1,-1,1,百色,4510,广西,45
451029,田林县,1,-1,1,百色,4510,广西,45
451023,平果县,1,-1,1,百色,4510,广西,45
610102,新城区,15,-1,-1,西安,6101,陕西,61
610104,莲湖区,14,-1,-1,西安,6101,陕西,61
610113,雁塔区,13,-1,-1,西安,6101,陕西,61
610103,碑林区,10,-1,-1,西安,6101,陕西,61
610111,灞桥区,8,-1,-1,西安,6101,陕西,61
0,高新区,7,-1,-1,西安,6101,陕西,61
610112,未央区,7,-1,-1,西安,6101,陕西,61
610114,阎良区,5,-1,-1,西安,6101,陕西,61
610125,鄠邑区,3,-1,-1,西安,6101,陕西,61
610115,临潼区,2,-1,-1,西安,6101,陕西,61
610124,周至县,2,-1,-1,西安,6101,陕西,61
610116,长安区,2,-1,-1,西安,6101,陕西,61
610117,高陵区,1,-1,-1,西安,6101,陕西,61
610122,蓝田县,1,-1,-1,西安,6101,陕西,61
0,经开区,1,-1,-1,西安,6101,陕西,61
-1,未公布来源,29,3,117,西安,6101,陕西,61
610724,西乡县,11,-1,11,汉中,6107,陕西,61
610723,洋县,5,-1,5,汉中,6107,陕西,61
610728,镇巴县,3,-1,3,汉中,6107,陕西,61
610702,汉台区,3,-1,3,汉中,6107,陕西,61
610721,南郑区,3,-1,3,汉中,6107,陕西,61
610725,勉县,1,-1,1,汉中,6107,陕西,61
610928,旬阳县,7,-1,7,安康,6109,陕西,61
610929,白河县,6,-1,6,安康,6109,陕西,61
610924,紫阳县,6,-1,6,安康,6109,陕西,61
610902,汉滨区,3,-1,3,安康,6109,陕西,61
610921,汉阴县,2,-1,2,安康,6109,陕西,61
0,恒口示范区,2,-1,2,安康,6109,陕西,61
610431,武功县,5,-1,-1,咸阳,6104,陕西,61
610422,三原县,4,-1,-1,咸阳,6104,陕西,61
610430,淳化县,2,-1,-1,咸阳,6104,陕西,61
610481,兴平市,2,-1,-1,咸阳,6104,陕西,61
610424,乾县,1,-1,-1,咸阳,6104,陕西,61
610402,秦都区,1,-1,-1,咸阳,6104,陕西,61
-1,未公布来源,2,0,17,咸阳,6104,陕西,61
610502,临渭区,8,-1,-1,渭南,6105,陕西,61
610528,富平县,2,-1,-1,渭南,6105,陕西,61
610526,蒲城县,2,-1,-1,渭南,6105,陕西,61
610525,澄城县,1,-1,-1,渭南,6105,陕西,61
-1,未公布来源,2,0,15,渭南,6105,陕西,61
610323,岐山县,5,-1,5,宝鸡,6103,陕西,61
0,高新区,3,-1,3,宝鸡,6103,陕西,61
610322,凤翔县,3,-1,3,宝鸡,6103,陕西,61
610324,扶风县,2,-1,2,宝鸡,6103,陕西,61
610622,延川县,4,-1,4,延安,6106,陕西,61
610624,安塞区,2,-1,2,延安,6106,陕西,61
-1,未公布来源,2,0,2,延安,6106,陕西,61
610202,王益区,7,-1,7,铜川,6102,陕西,61
-1,未公布来源,1,0,1,铜川,6102,陕西,61
611021,洛南县,3,-1,3,商洛,6110,陕西,61
611022,丹凤县,3,-1,3,商洛,6110,陕西,61
611002,商州区,1,-1,1,商洛,6110,陕西,61
610825,定边县,2,-1,2,榆林,6108,陕西,61
610802,榆阳区,1,-1,1,榆林,6108,陕西,61
530102,五华区,7,-1,7,昆明,5301,云南,53
530111,官渡区,3,-1,3,昆明,5301,云南,53
530181,安宁市,2,-1,2,昆明,5301,云南,53
530112,西山区,2,-1,2,昆明,5301,云南,53
530103,盘龙区,2,-1,2,昆明,5301,云南,53
530113,东川区,1,-1,1,昆明,5301,云南,53
-1,未公布来源,36,0,36,昆明,5301,云南,53
532801,景洪市,15,-1,-1,西双版纳,5328,云南,53
-1,未公布来源,0,1,14,西双版纳,5328,云南,53
530402,红塔区,3,-1,-1,玉溪,5304,云南,53
530403,江川区,2,-1,-1,玉溪,5304,云南,53
530422,澄江县,2,-1,-1,玉溪,5304,云南,53
530423,通海县,1,-1,-1,玉溪,5304,云南,53
530425,易门县,1,-1,-1,玉溪,5304,云南,53
-1,未公布来源,5,1,13,玉溪,5304,云南,53
530303,沾益区,2,-1,2,曲靖,5303,云南,53
530381,宣威市,2,-1,2,曲靖,5303,云南,53
530302,麒麟区,1,-1,1,曲靖,5303,云南,53
530326,会泽县,1,-1,1,曲靖,5303,云南,53
530322,陆良县,1,-1,1,曲靖,5303,云南,53
530324,罗平县,1,-1,1,曲靖,5303,云南,53
-1,未公布来源,5,0,5,曲靖,5303,云南,53
530581,腾冲市,6,-1,6,保山,5305,云南,53
530523,龙陵县,2,-1,2,保山,5305,云南,53
530502,隆阳区,1,-1,1,保山,5305,云南,53
532503,蒙自市,2,-1,2,红河,5325,云南,53
532501,个旧市,1,-1,1,红河,5325,云南,53
-1,未公布来源,6,0,6,红河,5325,云南,53
533102,瑞丽市,5,-1,5,德宏,5331,云南,53
532326,大姚县,3,-1,3,楚雄,5323,云南,53
-1,未公布来源,1,0,1,楚雄,5323,云南,53
530828,澜沧拉祜族自治县,3,-1,3,普洱,5308,云南,53
530802,思茅区,1,-1,1,普洱,5308,云南,53
532601,文山市,1,-1,1,文山,5326,云南,53
-1,未公布来源,1,0,1,文山,5326,云南,53
530926,耿马傣族佤族自治县,1,-1,1,临沧,5309,云南,53
520102,南明区,14,-1,-1,贵阳,5201,贵州,52
520115,观山湖区,6,-1,-1,贵阳,5201,贵州,52
520111,花溪区,5,-1,-1,贵阳,5201,贵州,52
520103,云岩区,4,-1,-1,贵阳,5201,贵州,52
520123,修文县,2,-1,-1,贵阳,5201,贵州,52
520181,清镇市,1,-1,-1,贵阳,5201,贵州,52
520113,白云区,1,-1,-1,贵阳,5201,贵州,52
-1,未公布来源,3,1,35,贵阳,5201,贵州,52
520325,道真仡佬族苗族自治县,14,-1,14,遵义,5203,贵州,52
520303,汇川区,9,-1,9,遵义,5203,贵州,52
520302,红花岗区,2,-1,2,遵义,5203,贵州,52
520382,仁怀市,1,-1,1,遵义,5203,贵州,52
520324,正安县,1,-1,1,遵义,5203,贵州,52
520327,凤冈县,1,-1,1,遵义,5203,贵州,52
-1,未公布来源,4,0,4,遵义,5203,贵州,52
520522,黔西县,10,-1,10,毕节,5205,贵州,52
520502,七星关区,4,-1,4,毕节,5205,贵州,52
520525,纳雍县,3,-1,3,毕节,5205,贵州,52
520521,大方县,2,-1,2,毕节,5205,贵州,52
520527,赫章县,2,-1,2,毕节,5205,贵州,52
520524,织金县,1,-1,1,毕节,5205,贵州,52
-1,未公布来源,1,0,1,毕节,5205,贵州,52
522723,贵定县,3,-1,3,黔南,5227,贵州,52
522701,都匀市,2,-1,2,黔南,5227,贵州,52
522732,三都水族自治县,1,-1,1,黔南,5227,贵州,52
522725,瓮安县,1,-1,1,黔南,5227,贵州,52
522727,平塘县,1,-1,1,黔南,5227,贵州,52
522729,长顺县,1,-1,1,黔南,5227,贵州,52
-1,未公布来源,8,0,8,黔南,5227,贵州,52
520602,碧江区,3,-1,3,铜仁,5206,贵州,52
520603,万山区,2,-1,2,铜仁,5206,贵州,52
520623,石阡县,2,-1,2,铜仁,5206,贵州,52
520621,江口县,2,-1,2,铜仁,5206,贵州,52
520622,玉屏侗族自治县,1,-1,1,铜仁,5206,贵州,52
520222,盘州市,8,-1,-1,六盘水,5202,贵州,52
520201,钟山区,2,-1,-1,六盘水,5202,贵州,52
-1,未公布来源,0,1,9,六盘水,5202,贵州,52
522601,凯里市,6,-1,6,黔东南,5226,贵州,52
522627,天柱县,2,-1,2,黔东南,5226,贵州,52
522628,锦屏县,1,-1,1,黔东南,5226,贵州,52
-1,未公布来源,1,0,1,黔东南,5226,贵州,52
520402,西秀区,2,-1,-1,安顺,5204,贵州,52
520423,镇宁布依族苗族自治县,1,-1,-1,安顺,5204,贵州,52
520422,普定县,1,-1,1,安顺,5204,贵州,52
-1,未公布来源,0,0,3,安顺,5204,贵州,52
522301,兴义市,2,-1,2,黔西南,5223,贵州,52
522328,安龙县,1,-1,1,黔西南,5223,贵州,52
522322,兴仁市,1,-1,1,黔西南,5223,贵州,52
620102,城关区,17,-1,-1,兰州,6201,甘肃,62
620104,西固区,8,-1,-1,兰州,6201,甘肃,62
620103,七里河区,6,-1,-1,兰州,6201,甘肃,62
620111,红古区,2,-1,-1,兰州,6201,甘肃,62
0,永登县,1,-1,-1,兰州,6201,甘肃,62
0,榆中县,1,-1,-1,兰州,6201,甘肃,62
0,皋兰县,1,-1,-1,兰州,6201,甘肃,62
0,安宁区,1,-1,-1,兰州,6201,甘肃,62
-1,未公布来源,0,2,34,兰州,6201,甘肃,62
0,麦积区,8,-1,8,天水,6205,甘肃,62
0,秦州区,2,-1,2,天水,6205,甘肃,62
0,张家川县,1,-1,1,天水,6205,甘肃,62
0,清水县,1,-1,1,天水,6205,甘肃,62
620824,华亭市,7,-1,7,平凉,6208,甘肃,62
620825,庄浪县,1,-1,1,平凉,6208,甘肃,62
-1,未公布来源,1,0,1,平凉,6208,甘肃,62
0,陇西县,7,-1,7,定西,6211,甘肃,62
0,通渭县,1,-1,1,定西,6211,甘肃,62
0,渭源县,1,-1,1,定西,6211,甘肃,62
0,合作市,8,-1,8,甘南,6230,甘肃,62
0,礼县,4,-1,4,陇南,6212,甘肃,62
621026,宁县,2,-1,2,庆阳,6210,甘肃,62
621021,庆城县,1,-1,1,庆阳,6210,甘肃,62
140728,平遥县,36,-1,36,晋中,1407,山西,14
140725,寿阳县,1,-1,1,晋中,1407,山西,14
140109,万柏林区,8,-1,8,太原,1401,山西,14
140106,迎泽区,6,-1,6,太原,1401,山西,14
140107,杏花岭区,4,-1,4,太原,1401,山西,14
140121,清徐县,1,-1,1,太原,1401,山西,14
140105,小店区,1,-1,1,太原,1401,山西,14
140825,新绛县,5,-1,5,运城,1408,山西,14
140829,平陆县,4,-1,4,运城,1408,山西,14
140802,盐湖区,3,-1,3,运城,1408,山西,14
140882,河津市,2,-1,2,运城,1408,山西,14
140830,芮城县,1,-1,1,运城,1408,山西,14
140824,稷山县,1,-1,1,运城,1408,山西,14
140828,夏县,1,-1,1,运城,1408,山西,14
140826,绛县,1,-1,1,运城,1408,山西,14
140822,万荣县,1,-1,1,运城,1408,山西,14
140213,平城区,10,-1,10,大同,1402,山西,14
140214,云冈区,2,-1,2,大同,1402,山西,14
140502,城区,5,-1,5,晋城,1405,山西,14
140521,沁水县,2,-1,2,晋城,1405,山西,14
140524,陵川县,1,-1,1,晋城,1405,山西,14
140522,阳城县,1,-1,1,晋城,1405,山西,14
140525,泽州县,1,-1,1,晋城,1405,山西,14
140403,潞州区,7,-1,7,长治,1404,山西,14
140428,长子县,1,-1,1,长治,1404,山西,14
140602,朔城区,4,-1,4,朔州,1406,山西,14
140622,应县,3,-1,3,朔州,1406,山西,14
140624,怀仁市,1,-1,1,朔州,1406,山西,14
140922,五台县,6,-1,6,忻州,1409,山西,14
140902,忻府区,1,-1,1,忻州,1409,山西,14
141181,孝义市,3,-1,3,吕梁,1411,山西,14
141102,离石区,2,-1,2,吕梁,1411,山西,14
141121,文水县,1,-1,1,吕梁,1411,山西,14
140302,城区,2,-1,2,阳泉,1403,山西,14
140322,盂县,2,-1,2,阳泉,1403,山西,14
141028,吉县,1,-1,1,临汾,1410,山西,14
141029,乡宁县,1,-1,1,临汾,1410,山西,14
210104,大东区,3,-1,-1,沈阳,2101,辽宁,21
210106,铁西区,3,-1,-1,沈阳,2101,辽宁,21
210105,皇姑区,2,-1,-1,沈阳,2101,辽宁,21
210124,法库县,1,-1,-1,沈阳,2101,辽宁,21
210103,沈河区,1,-1,-1,沈阳,2101,辽宁,21
-1,未公布来源,18,0,28,沈阳,2101,辽宁,21
0,杨家杖子经济开发区,4,1,3,葫芦岛,2114,辽宁,21
0,南票区,3,-1,3,葫芦岛,2114,辽宁,21
0,连山区,2,-1,2,葫芦岛,2114,辽宁,21
0,兴城市,2,-1,2,葫芦岛,2114,辽宁,21
0,龙港区,1,-1,1,葫芦岛,2114,辽宁,21
210624,宽甸满族自治县,3,-1,-1,丹东,2106,辽宁,21
210681,东港市,1,-1,-1,丹东,2106,辽宁,21
210682,凤城市,1,-1,-1,丹东,2106,辽宁,21
210604,振安区,1,-1,-1,丹东,2106,辽宁,21
-1,未公布来源,5,0,11,丹东,2106,辽宁,21
210902,海州区,2,-1,2,阜新,2109,辽宁,21
210911,细河区,2,-1,2,阜新,2109,辽宁,21
210922,彰武县,1,-1,1,阜新,2109,辽宁,21
-1,未公布来源,3,0,3,阜新,2109,辽宁,21
211281,调兵山市,4,-1,4,铁岭,2112,辽宁,21
211224,昌图县,2,-1,2,铁岭,2112,辽宁,21
211223,西丰县,1,-1,1,铁岭,2112,辽宁,21
220104,朝阳区,9,-1,9,长春,2201,吉林,22
220102,南关区,8,-1,8,长春,2201,吉林,22
220105,二道区,8,-1,8,长春,2201,吉林,22
220106,绿园区,2,-1,2,长春,2201,吉林,22
220113,九台区,2,-1,2,长春,2201,吉林,22
220103,宽城区,2,-1,2,长春,2201,吉林,22
-1,未公布来源,14,0,14,长春,2201,吉林,22
220302,铁西区,9,1,7,四平,2203,吉林,22
220382,双辽市,5,-1,3,四平,2203,吉林,22
220303,铁东区,1,-1,1,四平,2203,吉林,22
-1,未公布来源,0,0,3,四平,2203,吉林,22
220402,龙山区,6,-1,6,辽源,2204,吉林,22
220422,东辽县,1,-1,1,辽源,2204,吉林,22
220502,东昌区,3,-1,3,通化,2205,吉林,22
220582,集安市,3,-1,3,通化,2205,吉林,22
220211,丰满区,2,-1,2,吉林市,2202,吉林,22
220204,船营区,1,-1,1,吉林市,2202,吉林,22
220202,昌邑区,1,-1,1,吉林市,2202,吉林,22
220282,桦甸市,1,-1,1,吉林市,2202,吉林,22
222401,延吉市,2,-1,2,延边,2224,吉林,22
222405,龙井市,1,-1,1,延边,2224,吉林,22
222402,图们市,1,-1,1,延边,2224,吉林,22
222406,和龙市,1,-1,1,延边,2224,吉林,22
220723,乾安县,2,-1,2,松原,2207,吉林,22
220821,镇赉县,1,-1,1,白城,2208,吉林,22
150621,达拉特旗,9,-1,9,鄂尔多斯,1506,内蒙古,15
150623,鄂托克前旗,1,-1,1,鄂尔多斯,1506,内蒙古,15
150602,东胜区,1,-1,1,鄂尔多斯,1506,内蒙古,15
150221,土默特右旗,7,-1,7,包头,1502,内蒙古,15
150203,昆都仑区,3,-1,3,包头,1502,内蒙古,15
150202,东河区,1,-1,1,包头,1502,内蒙古,15
150426,翁牛特旗,3,-1,3,赤峰,1504,内蒙古,15
150403,元宝山区,2,-1,2,赤峰,1504,内蒙古,15
150404,松山区,2,-1,2,赤峰,1504,内蒙古,15
150424,林西县,1,-1,1,赤峰,1504,内蒙古,15
150402,红山区,1,-1,1,赤峰,1504,内蒙古,15
152502,锡林浩特市,4,-1,4,锡林郭勒,1525,内蒙古,15
152531,多伦县,4,-1,4,锡林郭勒,1525,内蒙古,15
152501,二连浩特市,1,-1,1,锡林郭勒,1525,内蒙古,15
150824,乌拉特中旗,4,-1,4,巴彦淖尔,1508,内蒙古,15
150802,临河区,2,1,1,巴彦淖尔,1508,内蒙古,15
150821,五原县,2,-1,2,巴彦淖尔,1508,内蒙古,15
150581,霍林郭勒市,6,-1,6,通辽,1505,内蒙古,15
0,经济开发区,1,-1,1,通辽,1505,内蒙古,15
150722,莫力达瓦达斡尔族自治旗,5,-1,5,呼伦贝尔,1507,内蒙古,15
150781,满洲里市,1,-1,1,呼伦贝尔,1507,内蒙古,15
150782,牙克石市,1,-1,1,呼伦贝尔,1507,内蒙古,15
150104,玉泉区,3,-1,2,呼和浩特,1501,内蒙古,15
150102,新城区,2,-1,2,呼和浩特,1501,内蒙古,15
150103,回民区,1,-1,1,呼和浩特,1501,内蒙古,15
150105,赛罕区,1,-1,1,呼和浩特,1501,内蒙古,15
-1,未公布来源,0,0,1,呼和浩特,1501,内蒙古,15
150922,化德县,2,-1,2,乌兰察布,1509,内蒙古,15
150929,四子王旗,1,-1,1,乌兰察布,1509,内蒙古,15
150302,海勃湾区,2,-1,2,乌海,1503,内蒙古,15
152201,乌兰浩特市,1,-1,1,兴安,1522,内蒙古,15
640104,兴庆区,13,-1,13,银川,6401,宁夏,64
640106,金凤区,8,-1,8,银川,6401,宁夏,64
640105,西夏区,6,-1,6,银川,6401,宁夏,64
640121,永宁县,6,-1,6,银川,6401,宁夏,64
640181,灵武市,3,-1,3,银川,6401,宁夏,64
640324,同心县,16,-1,16,吴忠,6403,宁夏,64
640381,青铜峡市,4,-1,4,吴忠,6403,宁夏,64
640303,红寺堡区,4,-1,4,吴忠,6403,宁夏,64
640302,利通区,4,-1,4,吴忠,6403,宁夏,64
640423,隆德县,3,-1,3,固原,6404,宁夏,64
640402,原州区,2,-1,2,固原,6404,宁夏,64
640502,沙坡头区,3,-1,3,中卫,6405,宁夏,64
640521,中宁县,1,-1,1,中卫,6405,宁夏,64
640202,大武口区,1,-1,1,石嘴山,6402,宁夏,64
820000,澳门,38,0,10,澳门,82,澳门,82
0,西宁市,15,-1,15,西宁,6301,青海,63
0,海北藏族自治州,3,-1,3,海北,6322,青海,63
