city_baidu_id,name,id,420100_20200117_moveIn,420100_20200118_moveIn,420100_20200119_moveIn,420100_20200120_moveIn,420100_20200121_moveIn,420100_20200122_moveIn,420100_20200123_moveIn,420100_20200124_moveIn,420100_20200125_moveIn,420100_20200126_moveIn,420100_20200127_moveIn,420100_20200128_moveIn,420100_20200129_moveIn,420100_20200130_moveIn,420100_20200131_moveIn,420100_20200201_moveIn,420100_20200202_moveIn,420100_20200203_moveIn,420100_20200204_moveIn,420100_20200205_moveIn,420100_20200206_moveIn,420100_20200207_moveIn,420100_20200208_moveIn,420100_20200209_moveIn,420100_20200210_moveIn,420100_20200211_moveIn,420100_20200212_moveIn,420100_20200213_moveIn,420100_20200214_moveIn,420100_20200215_moveIn,420100_20200216_moveIn,420100_20200217_moveIn,420100_20200218_moveIn,420100_20200219_moveIn,420100_20200220_moveIn,420100_20200221_moveIn,420100_20200222_moveIn,420100_20200223_moveIn,420100_20200224_moveIn,420100_20200225_moveIn,420100_20200226_moveIn,420100_20200227_moveIn,420100_20200228_moveIn,420100_20200229_moveIn,420100_20200301_moveIn
110000,北京市,110000,1.07,0.73,0.68,0.56,0.47,0.39,0.36,0.39,0.42,0.42,0.27,0.21,0.13,0.07,0.2,0.17,0.11,0.13,0.15,0.24,0.14,0.08,0.14,0.21,0.14,0.25,0.18,0.11,0.45,0.44,0.3,0.25,0.17,0.11,0.14,0.18,0.23,0.07,0.28,0.16,0.24,0.19,0.17,0.13,0.16
120000,天津市,120000,0.15,0.14,0.14,0.11,0.09,0.07,0.06,0.09,0.08,0.0,0.06,0.07,0.0,0.05,0.08,0.02,0.03,0.0,0.08,0.03,0.04,0.03,0.05,0.03,0.07,0.04,0.04,0.06,0.0,0.06,0.23,0.13,0.11,0.0,0.03,0.1,0.08,0.12,0.07,0.07,0.09,0.06,0.0,0.09,0.0
130100,石家庄市,130100,0.21,0.17,0.16,0.15,0.15,0.14,0.09,0.1,0.08,0.06,0.0,0.04,0.03,0.07,0.04,0.08,0.0,0.06,0.04,0.03,0.02,0.0,0.04,0.02,0.04,0.03,0.03,0.0,0.06,0.06,0.04,0.04,0.07,0.05,0.0,0.06,0.05,0.03,0.05,0.0,0.0,0.0,0.0,0.0,0.0
130200,唐山市,130200,0.0,0.0,0.0,0.0,0.0,0.0,0.0,0.0,0.0,0.0,0.0,0.03,0.0,0.0,0.02,0.0,0.0,0.0,0.02,0.03,0.0,0.0,0.0,0.02,0.0,0.0,0.0,0.03,0.0,0.0,0.0,0.0,0.0,0.0,0.0,0.02,0.0,0.0,0.0,0.0,0.0,0.02,0.0,0.02,0.02
130300,秦皇岛市,130300,0.0,0.0,0.0,0.0,0.0,0.0,0.0,0.0,0.0,0.0,0.0,0.0,0.0,0.0,0.0,0.0,0.0,0.0,0.0,0.0,0.0,0.0,0.0,0.0,0.0,0.0,0.03,0.0,0.0,0.0,0.0,0.0,0.0,0.0,0.0,0.0,0.02,0.0,0.0,0.0,0.0,0.0,0.0,0.0,0.0
130400,邯郸市,130400,0.2,0.16,0.16,0.15,0.14,0.12,0.1,0.09,0.0,0.0,0.06,0.04,0.0,0.0,0.04,0.05,0.0,0.04,0.04,0.0,0.04,0.0,0.02,0.05,0.02,0.02,0.03,0.0,0.03,0.07,0.07,0.06,0.0,0.03,0.03,0.0,0.02,0.0,0.06,0.0,0.0,0.0,0.05,0.04,0.0
130500,邢台市,130500,0.18,0.15,0.16,0.16,0.12,0.09,0.08,0.0,0.0,0.0,0.0,0.04,0.0,0.0,0.0,0.0,0.0,0.0,0.0,0.0,0.0,0.02,0.0,0.0,0.0,0.0,0.0,0.0,0.0,0.0,0.0,0.03,0.0,0.0,0.0,0.0,0.0,0.03,0.0,0.0,0.02,0.0,0.0,0.0,0.03
130600,保定市,130600,0.13,0.12,0.11,0.12,0.1,0.09,0.06,0.0,0.0,0.0,0.06,0.0,0.0,0.02,0.0,0.0,0.02,0.06,0.0,0.0,0.03,0.05,0.06,0.0,0.0,0.02,0.0,0.03,0.15,0.0,0.03,0.0,0.03,0.0,0.02,0.03,0.02,0.05,0.0,0.03,0.11,0.0,0.03,0.03,0.04
130700,张家口市,130700,0.0,0.0,0.0,0.0,0.0,0.0,0.0,0.0,0.0,0.0,0.0,0.0,0.02,0.0,0.0,0.04,0.0,0.0,0.02,0.0,0.0,0.0,0.0,0.02,0.0,0.0,0.0,0.0,0.0,0.0,0.0,0.02,0.0,0.0,0.03,0.0,0.0,0.03,0.0,0.0,0.03,0.0,0.0,0.0,0.0
130800,承德市,130800,0.0,0.0,0.0,0.0,0.0,0.0,0.0,0.0,0.0,0.0,0.0,0.0,0.0,0.0,0.0,0.0,0.0,0.0,0.0,0.0,0.0,0.0,0.0,0.0,0.0,0.0,0.0,0.0,0.0,0.0,0.0,0.0,0.0,0.0,0.0,0.0,0.02,0.0,0.0,0.0,0.0,0.0,0.0,0.0,0.0
130900,沧州市,130900,0.12,0.1,0.13,0.11,0.09,0.07,0.06,0.08,0.0,0.0,0.0,0.04,0.02,0.0,0.0,0.0,0.0,0.0,0.0,0.0,0.0,0.0,0.0,0.0,0.0,0.0,0.0,0.0,0.0,0.0,0.0,0.0,0.02,0.02,0.0,0.02,0.0,0.0,0.0,0.0,0.0,0.0,0.0,0.03,0.0
131000,廊坊市,131000,0.0,0.0,0.0,0.0,0.0,0.0,0.0,0.0,0.0,0.0,0.0,0.0,0.02,0.02,0.0,0.0,0.02,0.0,0.06,0.0,0.03,0.04,0.0,0.0,0.02,0.0,0.0,0.02,0.03,0.03,0.0,0.02,0.0,0.02,0.0,0.02,0.0,0.03,0.03,0.0,0.0,0.0,0.05,0.03,0.0
131100,衡水市,131100,0.0,0.0,0.0,0.0,0.0,0.0,0.0,0.0,0.0,0.0,0.0,0.0,0.0,0.02,0.0,0.0,0.0,0.0,0.0,0.0,0.0,0.02,0.02,0.0,0.0,0.0,0.0,0.0,0.0,0.02,0.02,0.02,0.0,0.0,0.0,0.0,0.0,0.0,0.0,0.0,0.0,0.0,0.0,0.0,0.0
140100,太原市,140100,0.12,0.0,0.11,0.09,0.0,0.0,0.0,0.0,0.0,0.08,0.0,0.0,0.02,0.0,0.0,0.0,0.02,0.0,0.02,0.0,0.0,0.0,0.0,0.0,0.0,0.0,0.0,0.0,0.0,0.0,0.0,0.0,0.0,0.0,0.0,0.0,0.0,0.0,0.0,0.0,0.0,0.03,0.0,0.0,0.0
140200,大同市,140200,0.0,0.0,0.0,0.0,0.0,0.0,0.0,0.0,0.0,0.0,0.0,0.0,0.0,0.0,0.02,0.0,0.0,0.0,0.0,0.0,0.0,0.0,0.0,0.0,0.0,0.0,0.0,0.0,0.0,0.0,0.0,0.0,0.0,0.03,0.0,0.0,0.0,0.0,0.0,0.0,0.0,0.0,0.0,0.0,0.0
140300,阳泉市,140300,0.0,0.0,0.0,0.0,0.0,0.0,0.0,0.0,0.0,0.0,0.0,0.0,0.0,0.0,0.0,0.0,0.0,0.0,0.0,0.0,0.0,0.0,0.0,0.0,0.0,0.0,0.0,0.0,0.0,0.0,0.0,0.0,0.0,0.0,0.0,0.0,0.0,0.0,0.0,0.0,0.0,0.0,0.0,0.0,0.0
140400,长治市,140400,0.0,0.0,0.0,0.0,0.0,0.0,0.0,0.0,0.0,0.0,0.0,0.0,0.0,0.0,0.0,0.0,0.0,0.0,0.0,0.0,0.0,0.0,0.0,0.0,0.0,0.0,0.0,0.0,0.0,0.0,0.0,0.0,0.0,0.0,0.0,0.0,0.0,0.0,0.0,0.0,0.0,0.0,0.0,0.0,0.0
140500,晋城市,140500,0.0,0.0,0.0,0.0,0.0,0.0,0.0,0.0,0.0,0.0,0.0,0.0,0.02,0.0,0.0,0.0,0.0,0.0,0.0,0.02,0.0,0.0,0.0,0.0,0.0,0.0,0.0,0.0,0.0,0.0,0.0,0.0,0.0,0.02,0.0,0.0,0.0,0.0,0.0,0.03,0.0,0.0,0.0,0.0,0.0
140600,朔州市,140600,0.0,0.0,0.0,0.0,0.0,0.0,0.0,0.0,0.0,0.0,0.0,0.0,0.03,0.0,0.0,0.02,0.0,0.0,0.0,0.0,0.0,0.0,0.0,0.0,0.0,0.0,0.0,0.0,0.0,0.0,0.0,0.0,0.0,0.0,0.0,0.0,0.0,0.0,0.0,0.0,0.0,0.0,0.02,0.0,0.0
140700,晋中市,140700,0.0,0.0,0.0,0.0,0.0,0.0,0.12,0.11,0.08,0.0,0.04,0.0,0.0,0.0,0.0,0.0,0.0,0.03,0.0,0.02,0.0,0.03,0.0,0.0,0.02,0.01,0.0,2.15,4.32,0.0,0.1,1.16,0.0,0.0,0.02,0.0,0.0,0.0,0.0,0.0,0.03,0.0,0.0,0.0,0.02
140800,运城市,140800,0.0,0.09,0.1,0.1,0.0,0.0,0.0,0.0,0.0,0.0,0.0,0.0,0.0,0.0,0.0,0.0,0.0,0.06,0.0,0.0,0.0,0.0,0.0,0.0,0.12,0.0,0.0,0.0,0.0,0.0,0.0,0.0,0.0,0.0,0.0,0.0,0.0,0.0,0.0,0.0,0.0,0.0,0.03,0.0,0.03
140900,忻州市,140900,0.0,0.0,0.0,0.0,0.0,0.0,0.0,0.0,0.0,0.0,0.0,0.0,0.0,0.0,0.0,0.0,0.01,0.0,0.0,0.0,0.0,0.0,0.0,0.0,0.0,0.0,0.0,0.0,0.0,0.0,0.0,0.0,0.02,0.0,0.0,0.0,0.0,0.0,0.0,0.0,0.0,0.0,0.0,0.0,0.0
141000,临汾市,141000,0.0,0.0,0.0,0.0,0.0,0.0,0.0,0.0,0.0,0.0,0.0,0.0,0.0,0.0,0.0,0.0,0.04,0.0,0.0,0.0,0.02,0.0,0.0,0.0,0.0,0.0,0.02,0.0,0.0,0.0,0.06,0.0,0.0,0.0,0.0,0.0,0.0,0.0,0.0,0.0,0.0,0.06,0.0,0.0,0.0
141100,吕梁市,141100,0.0,0.0,0.0,0.0,0.0,0.0,0.0,0.0,0.0,0.0,0.0,0.0,0.0,0.0,0.0,0.0,0.01,0.03,0.0,0.02,0.0,0.0,0.0,0.0,0.0,0.0,0.0,0.0,0.0,0.0,0.0,0.0,0.0,0.0,0.0,0.0,0.02,0.02,0.0,0.0,0.0,0.0,0.0,0.0,0.0
150100,呼和浩特市,150100,0.0,0.0,0.0,0.0,0.0,0.0,0.0,0.0,0.0,0.0,0.0,0.0,0.0,0.02,0.02,0.02,0.0,0.0,0.0,0.0,0.0,0.0,0.0,0.0,0.0,0.03,0.0,0.03,0.0,0.02,0.0,0.0,0.0,0.0,0.02,0.02,0.0,0.0,0.0,0.03,0.0,0.0,0.0,0.02,0.0
150200,包头市,150200,0.0,0.0,0.0,0.0,0.0,0.0,0.0,0.0,0.0,0.0,0.0,0.0,0.0,0.0,0.0,0.0,0.0,0.0,0.0,0.0,0.0,0.0,0.0,0.0,0.0,0.0,0.0,0.0,0.0,0.0,0.0,0.0,0.0,0.0,0.0,0.0,0.0,0.0,0.0,0.0,0.0,0.0,0.0,0.0,0.0
150300,乌海市,150300,0.0,0.0,0.0,0.0,0.0,0.0,0.0,0.0,0.0,0.0,0.0,0.0,0.0,0.0,0.0,0.0,0.0,0.0,0.0,0.0,0.0,0.0,0.0,0.0,0.0,0.0,0.0,0.0,0.0,0.0,0.0,0.0,0.0,0.0,0.0,0.0,0.0,0.0,0.0,0.0,0.0,0.0,0.0,0.0,0.0
150400,赤峰市,150400,0.0,0.0,0.0,0.0,0.0,0.0,0.0,0.0,0.0,0.0,0.05,0.0,0.0,0.0,0.0,0.02,0.01,0.0,0.08,0.0,0.0,0.0,0.0,0.0,0.04,0.02,0.0,0.02,0.0,0.0,0.03,0.0,0.0,0.02,0.0,0.0,0.02,0.0,0.0,0.0,0.0,0.0,0.0,0.0,0.0
150500,通辽市,150500,0.0,0.0,0.0,0.0,0.0,0.0,0.0,0.0,0.0,0.0,0.0,0.0,0.0,0.0,0.0,0.0,0.0,0.0,0.0,0.0,0.0,0.0,0.0,0.0,0.0,0.0,0.0,0.0,0.0,0.0,0.0,0.0,0.0,0.0,0.0,0.0,0.0,0.0,0.0,0.0,0.0,0.0,0.0,0.0,0.0
150600,鄂尔多斯市,150600,0.0,0.0,0.0,0.0,0.0,0.0,0.0,0.0,0.0,0.0,0.0,0.0,0.0,0.0,0.0,0.0,0.0,0.0,0.0,0.02,0.0,0.0,0.0,0.0,0.0,0.0,0.0,0.0,0.0,0.0,0.0,0.0,0.0,0.0,0.0,0.0,0.0,0.0,0.0,0.0,0.0,0.0,0.0,0.0,0.0
150700,呼伦贝尔市,150700,0.0,0.0,0.0,0.0,0.0,0.0,0.0,0.0,0.0,0.0,0.0,0.0,0.0,0.0,0.0,0.0,0.0,0.0,0.02,0.0,0.0,0.0,0.0,0.0,0.0,0.0,0.0,0.0,0.0,0.0,0.0,0.0,0.0,0.0,0.0,0.0,0.0,0.0,0.0,0.0,0.0,0.0,0.0,0.0,0.0
150800,巴彦淖尔市,150800,0.0,0.0,0.0,0.0,0.0,0.0,0.0,0.0,0.0,0.0,0.0,0.0,0.0,0.0,0.0,0.01,0.0,0.0,0.0,0.0,0.01,0.0,0.0,0.0,0.0,0.01,0.0,0.0,0.0,0.0,0.0,0.0,0.0,0.0,0.0,0.0,0.0,0.0,0.0,0.0,0.0,0.0,0.0,0.0,0.0
150900,乌兰察布市,150900,0.0,0.0,0.0,0.0,0.0,0.0,0.0,0.0,0.0,0.0,0.0,0.0,0.0,0.0,0.02,0.0,0.0,0.0,0.0,0.0,0.0,0.03,0.0,0.0,0.0,0.0,0.01,0.0,0.0,0.0,0.0,0.0,0.0,0.0,0.0,0.0,0.0,0.0,0.0,0.0,0.0,0.0,0.0,0.0,0.0
152200,兴安盟,152200,0.0,0.0,0.0,0.0,0.0,0.0,0.0,0.0,0.0,0.0,0.0,0.0,0.0,0.0,0.0,0.0,0.0,0.0,0.0,0.0,0.0,0.0,0.0,0.0,0.0,0.0,0.0,0.0,0.0,0.0,0.0,0.0,0.0,0.0,0.0,0.0,0.0,0.0,0.0,0.0,0.0,0.0,0.0,0.0,0.0
152500,锡林郭勒盟,152500,0.0,0.0,0.0,0.0,0.0,0.0,0.0,0.0,0.0,0.0,0.0,0.0,0.0,0.02,0.0,0.0,0.0,0.0,0.0,0.0,0.02,0.02,0.0,0.0,0.0,0.0,0.0,0.0,0.02,0.0,0.0,0.0,0.0,0.0,0.0,0.0,0.0,0.0,0.05,0.0,0.0,0.0,0.0,0.04,0.0
152900,阿拉善盟,152900,0.0,0.0,0.0,0.0,0.0,0.0,0.0,0.0,0.0,0.0,0.0,0.0,0.0,0.0,0.0,0.0,0.0,0.0,0.0,0.0,0.0,0.0,0.0,0.0,0.0,0.0,0.0,0.0,0.0,0.0,0.0,0.0,0.0,0.0,0.0,0.0,0.0,0.0,0.0,0.0,0.0,0.0,0.0,0.0,0.0
210100,沈阳市,210100,0.14,0.1,0.11,0.09,0.0,0.0,0.0,0.0,0.0,0.07,0.0,0.06,0.03,0.05,0.0,0.0,0.02,0.0,0.02,0.02,0.0,0.03,0.03,0.05,0.02,0.02,0.03,0.07,0.04,0.0,0.03,0.05,0.1,0.0,0.07,0.11,0.06,0.06,0.06,0.06,0.08,0.09,0.05,0.03,0.13
210200,大连市,210200,0.0,0.0,0.0,0.0,0.0,0.0,0.0,0.0,0.0,0.0,0.04,0.0,0.0,0.0,0.0,0.0,0.02,0.0,0.0,0.0,0.05,0.0,0.0,0.02,0.0,0.02,0.0,0.0,0.04,0.0,0.0,0.02,0.02,0.0,0.03,0.0,0.0,0.0,0.03,0.04,0.02,0.02,0.02,0.0,0.03
210300,鞍山市,210300,0.0,0.0,0.0,0.0,0.0,0.0,0.0,0.0,0.0,0.0,0.0,0.0,0.0,0.0,0.0,0.0,0.0,0.0,0.0,0.0,0.0,0.0,0.0,0.0,0.0,0.0,0.0,0.0,0.0,0.0,0.0,0.0,0.0,0.0,0.0,0.0,0.0,0.0,0.0,0.0,0.0,0.0,0.0,0.0,0.0
210400,抚顺市,210400,0.0,0.0,0.0,0.0,0.0,0.0,0.0,0.0,0.0,0.0,0.0,0.0,0.0,0.0,0.0,0.0,0.0,0.0,0.0,0.0,0.0,0.0,0.0,0.0,0.0,0.0,0.0,0.0,0.0,0.0,0.0,0.0,0.0,0.0,0.0,0.0,0.0,0.0,0.0,0.0,0.0,0.0,0.0,0.0,0.0
210500,本溪市,210500,0.0,0.0,0.0,0.0,0.0,0.0,0.0,0.0,0.0,0.0,0.0,0.0,0.0,0.0,0.0,0.0,0.0,0.0,0.0,0.0,0.0,0.0,0.0,0.0,0.0,0.0,0.0,0.0,0.0,0.0,0.0,0.0,0.0,0.0,0.0,0.0,0.0,0.0,0.0,0.0,0.0,0.0,0.0,0.0,0.0
210600,丹东市,210600,0.0,0.0,0.0,0.0,0.0,0.0,0.0,0.0,0.0,0.0,0.0,0.0,0.0,0.0,0.0,0.0,0.0,0.0,0.0,0.0,0.0,0.0,0.0,0.0,0.0,0.0,0.0,0.0,0.0,0.0,0.0,0.0,0.0,0.0,0.0,0.0,0.0,0.0,0.0,0.0,0.0,0.0,0.0,0.03,0.0
210700,锦州市,210700,0.0,0.0,0.0,0.0,0.0,0.0,0.0,0.0,0.0,0.0,0.0,0.0,0.0,0.0,0.0,0.0,0.0,0.0,0.0,0.02,0.0,0.03,0.0,0.02,0.0,0.0,0.0,0.0,0.0,0.0,0.0,0.0,0.0,0.0,0.0,0.0,0.0,0.0,0.0,0.0,0.0,0.0,0.0,0.0,0.0
210800,营口市,210800,0.0,0.0,0.0,0.0,0.0,0.0,0.0,0.0,0.0,0.0,0.0,0.0,0.0,0.0,0.0,0.0,0.0,0.0,0.0,0.0,0.0,0.0,0.0,0.0,0.0,0.0,0.0,0.0,0.0,0.0,0.0,0.0,0.0,0.0,0.0,0.0,0.0,0.0,0.0,0.0,0.0,0.0,0.0,0.0,0.0
210900,阜新市,210900,0.0,0.0,0.0,0.0,0.0,0.0,0.0,0.0,0.0,0.0,0.0,0.0,0.0,0.0,0.0,0.0,0.0,0.0,0.0,0.0,0.0,0.0,0.0,0.0,0.0,0.01,0.01,0.0,0.0,0.0,0.0,0.0,0.0,0.0,0.0,0.0,0.0,0.0,0.0,0.03,0.0,0.0,0.0,0.0,0.0
211000,辽阳市,211000,0.0,0.0,0.0,0.0,0.0,0.0,0.0,0.0,0.0,0.0,0.0,0.0,0.0,0.02,0.0,0.0,0.0,0.0,0.0,0.0,0.0,0.0,0.0,0.0,0.0,0.0,0.0,0.0,0.0,0.02,0.0,0.0,0.0,0.0,0.0,0.0,0.0,0.0,0.0,0.0,0.0,0.0,0.0,0.0,0.0
211100,盘锦市,211100,0.0,0.0,0.0,0.0,0.0,0.0,0.0,0.0,0.0,0.0,0.0,0.0,0.0,0.0,0.0,0.0,0.0,0.0,0.0,0.0,0.0,0.0,0.0,0.0,0.0,0.0,0.0,0.0,0.0,0.0,0.0,0.0,0.0,0.0,0.0,0.0,0.0,0.0,0.0,0.0,0.0,0.0,0.0,0.0,0.0
211200,铁岭市,211200,0.0,0.0,0.0,0.0,0.0,0.0,0.0,0.0,0.0,0.0,0.0,0.0,0.0,0.0,0.0,0.0,0.0,0.0,0.0,0.0,0.0,0.0,0.0,0.0,0.0,0.0,0.0,0.0,0.0,0.0,0.0,0.0,0.0,0.0,0.0,0.0,0.0,0.0,0.0,0.0,0.0,0.0,0.0,0.0,0.0
211300,朝阳市,211300,0.0,0.0,0.0,0.0,0.0,0.0,0.0,0.0,0.0,0.0,0.0,0.0,0.0,0.0,0.0,0.0,0.0,0.0,0.0,0.0,0.0,0.0,0.0,0.0,0.0,0.0,0.0,0.0,0.0,0.0,0.0,0.0,0.0,0.0,0.0,0.0,0.0,0.0,0.0,0.0,0.0,0.0,0.0,0.0,0.0
211400,葫芦岛市,211400,0.0,0.0,0.0,0.0,0.0,0.0,0.0,0.0,0.0,0.0,0.0,0.0,0.0,0.0,0.0,0.0,0.0,0.0,0.0,0.0,0.0,0.0,0.0,0.0,0.02,0.0,0.0,0.02,0.0,0.0,0.0,0.0,0.0,0.0,0.0,0.0,0.0,0.0,0.0,0.0,0.0,0.0,0.0,0.1,0.07
220100,长春市,220100,0.0,0.0,0.0,0.0,0.0,0.0,0.0,0.0,0.0,0.06,0.04,0.04,0.02,0.0,0.08,0.04,0.0,0.0,0.05,0.04,0.07,0.02,0.01,0.03,0.03,0.02,0.0,0.02,0.02,0.0,0.0,0.0,0.03,0.0,0.0,0.0,0.02,0.03,0.0,0.02,0.0,0.05,0.0,0.04,0.02
220200,吉林市,220200,0.0,0.0,0.0,0.0,0.0,0.0,0.0,0.0,0.0,0.0,0.0,0.0,0.0,0.0,0.0,0.0,0.01,0.03,0.0,0.0,0.0,0.03,0.0,0.0,0.02,0.0,0.0,0.0,0.02,0.0,0.0,0.0,0.0,0.0,0.0,0.0,0.0,0.0,0.0,0.0,0.0,0.0,0.0,0.0,0.0
220300,四平市,220300,0.0,0.0,0.0,0.0,0.0,0.0,0.0,0.0,0.0,0.0,0.0,0.0,0.0,0.0,0.0,0.0,0.0,0.0,0.0,0.0,0.0,0.0,0.0,0.0,0.0,0.0,0.0,0.0,0.0,0.0,0.0,0.0,0.0,0.0,0.0,0.0,0.0,0.0,0.0,0.0,0.0,0.0,0.0,0.0,0.0
220400,辽源市,220400,0.0,0.0,0.0,0.0,0.0,0.0,0.0,0.0,0.0,0.0,0.0,0.0,0.0,0.0,0.0,0.0,0.0,0.0,0.0,0.0,0.0,0.0,0.0,0.0,0.0,0.0,0.0,0.0,0.0,0.0,0.0,0.0,0.0,0.0,0.0,0.0,0.0,0.0,0.0,0.0,0.0,0.0,0.0,0.0,0.0
220500,通化市,220500,0.0,0.0,0.0,0.0,0.0,0.0,0.0,0.0,0.0,0.0,0.0,0.0,0.0,0.0,0.0,0.0,0.0,0.0,0.0,0.0,0.0,0.0,0.0,0.0,0.0,0.0,0.0,0.0,0.0,0.02,0.0,0.0,0.0,0.02,0.0,0.0,0.0,0.0,0.0,0.0,0.0,0.0,0.0,0.0,0.0
220600,白山市,220600,0.0,0.0,0.0,0.0,0.0,0.0,0.0,0.0,0.0,0.0,0.0,0.0,0.0,0.0,0.0,0.0,0.0,0.0,0.0,0.0,0.0,0.0,0.0,0.0,0.0,0.0,0.0,0.0,0.0,0.0,0.0,0.0,0.0,0.0,0.0,0.0,0.0,0.0,0.0,0.0,0.0,0.0,0.0,0.0,0.0
220700,松原市,220700,0.0,0.0,0.0,0.0,0.0,0.0,0.0,0.0,0.0,0.0,0.0,0.0,0.0,0.0,0.0,0.0,0.0,0.0,0.0,0.0,0.0,0.0,0.0,0.0,0.0,0.0,0.0,0.0,0.0,0.0,0.0,0.0,0.0,0.0,0.0,0.0,0.0,0.0,0.0,0.0,0.0,0.0,0.0,0.0,0.0
220800,白城市,220800,0.0,0.0,0.0,0.0,0.0,0.0,0.0,0.0,0.0,0.0,0.0,0.0,0.0,0.0,0.0,0.0,0.0,0.0,0.0,0.0,0.0,0.02,0.0,0.0,0.0,0.0,0.0,0.0,0.0,0.02,0.0,0.0,0.0,0.0,0.0,0.0,0.0,0.0,0.0,0.0,0.0,0.0,0.0,0.0,0.0
222400,延边朝鲜族自治州,222400,0.0,0.0,0.0,0.0,0.0,0.0,0.0,0.0,0.0,0.0,0.0,0.0,0.0,0.0,0.0,0.0,0.0,0.0,0.0,0.0,0.0,0.0,0.0,0.0,0.0,0.0,0.0,0.0,0.0,0.0,0.0,0.0,0.0,0.0,0.0,0.0,0.0,0.0,0.0,0.0,0.0,0.0,0.0,0.0,0.0
230100,哈尔滨市,230100,0.19,0.17,0.18,0.16,0.12,0.11,0.1,0.09,0.08,0.0,0.0,0.03,0.0,0.0,0.01,0.0,0.0,0.04,0.0,0.02,0.01,0.0,0.02,0.03,0.05,0.0,0.03,0.03,0.02,0.02,0.0,0.0,0.0,0.02,0.03,0.0,0.0,0.03,0.03,0.02,0.0,0.05,0.02,0.0,0.03
230200,齐齐哈尔市,230200,0.0,0.0,0.0,0.0,0.0,0.0,0.0,0.0,0.0,0.0,0.0,0.0,0.0,0.0,0.0,0.0,0.0,0.0,0.0,0.0,0.0,0.0,0.0,0.0,0.0,0.0,0.0,0.0,0.0,0.0,0.0,0.0,0.0,0.0,0.0,0.0,0.0,0.0,0.0,0.0,0.0,0.0,0.0,0.0,0.0
230300,鸡西市,230300,0.0,0.0,0.0,0.0,0.0,0.0,0.0,0.0,0.0,0.0,0.0,0.0,0.0,0.0,0.0,0.0,0.0,0.0,0.0,0.0,0.0,0.0,0.0,0.0,0.0,0.0,0.0,0.0,0.0,0.0,0.0,0.0,0.0,0.0,0.0,0.0,0.0,0.0,0.0,0.0,0.0,0.0,0.0,0.0,0.0
230400,鹤岗市,230400,0.0,0.0,0.0,0.0,0.0,0.0,0.0,0.0,0.0,0.0,0.0,0.0,0.0,0.0,0.0,0.02,0.0,0.0,0.0,0.0,0.0,0.0,0.0,0.0,0.0,0.0,0.0,0.0,0.0,0.0,0.0,0.0,0.0,0.0,0.0,0.0,0.0,0.0,0.0,0.0,0.0,0.0,0.0,0.0,0.0
230500,双鸭山市,230500,0.0,0.0,0.0,0.0,0.0,0.0,0.0,0.0,0.0,0.0,0.0,0.0,0.0,0.0,0.0,0.0,0.0,0.0,0.0,0.0,0.0,0.0,0.0,0.0,0.0,0.0,0.0,0.0,0.0,0.0,0.0,0.0,0.0,0.0,0.0,0.0,0.0,0.0,0.0,0.0,0.0,0.0,0.0,0.0,0.0
230600,大庆市,230600,0.0,0.0,0.0,0.0,0.0,0.0,0.0,0.0,0.0,0.0,0.0,0.0,0.0,0.0,0.0,0.0,0.0,0.0,0.0,0.0,0.0,0.0,0.0,0.0,0.0,0.0,0.0,0.0,0.0,0.0,0.0,0.0,0.0,0.0,0.0,0.0,0.0,0.0,0.0,0.0,0.0,0.0,0.0,0.0,0.0
230700,伊春市,230700,0.0,0.0,0.0,0.0,0.0,0.0,0.0,0.0,0.0,0.0,0.0,0.0,0.0,0.0,0.0,0.0,0.0,0.0,0.0,0.0,0.0,0.0,0.0,0.0,0.0,0.0,0.0,0.0,0.0,0.0,0.0,0.0,0.0,0.0,0.0,0.0,0.0,0.0,0.0,0.0,0.0,0.0,0.0,0.0,0.0
230800,佳木斯市,230800,0.0,0.0,0.0,0.0,0.0,0.0,0.0,0.0,0.0,0.0,0.0,0.0,0.0,0.0,0.0,0.0,0.0,0.04,0.0,0.0,0.0,0.0,0.0,0.0,0.0,0.0,0.0,0.0,0.0,0.0,0.0,0.0,0.0,0.0,0.0,0.0,0.0,0.0,0.0,0.0,0.0,0.0,0.0,0.0,0.0
230900,七台河市,230900,0.0,0.0,0.0,0.0,0.0,0.0,0.0,0.0,0.0,0.0,0.0,0.0,0.0,0.0,0.0,0.0,0.0,0.0,0.0,0.0,0.0,0.0,0.0,0.0,0.0,0.0,0.0,0.0,0.0,0.0,0.0,0.0,0.0,0.0,0.0,0.0,0.0,0.0,0.0,0.0,0.0,0.0,0.0,0.0,0.0
231000,牡丹江市,231000,0.0,0.0,0.0,0.0,0.0,0.0,0.0,0.0,0.0,0.0,0.0,0.03,0.0,0.01,0.0,0.0,0.0,0.0,0.0,0.0,0.0,0.0,0.0,0.0,0.0,0.0,0.0,0.0,0.0,0.0,0.0,0.0,0.0,0.0,0.0,0.0,0.0,0.0,0.0,0.0,0.0,0.0,0.0,0.0,0.0
231100,黑河市,231100,0.0,0.0,0.0,0.0,0.0,0.0,0.0,0.0,0.0,0.0,0.0,0.0,0.0,0.0,0.0,0.0,0.0,0.0,0.0,0.0,0.02,0.0,0.0,0.0,0.0,0.0,0.0,0.0,0.0,0.0,0.0,0.0,0.0,0.0,0.03,0.0,0.0,0.0,0.0,0.0,0.0,0.0,0.0,0.0,0.0
231200,绥化市,231200,0.0,0.0,0.0,0.0,0.0,0.0,0.0,0.0,0.0,0.0,0.0,0.0,0.02,0.0,0.0,0.0,0.0,0.0,0.0,0.0,0.0,0.0,0.0,0.0,0.0,0.0,0.0,0.0,0.0,0.0,0.0,0.0,0.0,0.0,0.0,0.0,0.0,0.0,0.0,0.0,0.0,0.0,0.0,0.0,0.0
232700,大兴安岭地区,232700,0.0,0.0,0.0,0.0,0.0,0.0,0.0,0.0,0.0,0.0,0.0,0.0,0.0,0.0,0.0,0.0,0.0,0.0,0.0,0.0,0.0,0.0,0.0,0.0,0.0,0.0,0.0,0.0,0.0,0.0,0.0,0.0,0.0,0.0,0.0,0.0,0.0,0.0,0.0,0.0,0.0,0.0,0.0,0.0,0.0
310000,上海市,310000,0.8,0.6,0.56,0.46,0.33,0.28,0.31,0.53,0.49,0.51,0.54,0.49,0.19,0.09,0.15,0.2,0.11,0.07,0.12,0.11,0.22,0.14,0.06,0.12,0.15,0.09,0.15,0.19,0.08,0.17,0.16,0.1,0.23,0.17,0.19,0.28,0.23,0.37,0.2,0.18,0.21,0.18,0.16,0.25,0.26
320100,南京市,320100,0.32,0.28,0.21,0.21,0.16,0.13,0.11,0.16,0.15,0.15,0.3,0.2,0.34,0.15,0.28,0.11,0.1,0.15,0.13,0.05,0.15,0.02,0.13,0.07,0.14,0.1,0.12,0.08,0.09,0.04,0.03,0.04,0.16,0.1,0.12,0.06,0.03,0.15,0.17,0.3,0.21,0.1,0.08,0.08,0.17
320200,无锡市,320200,0.14,0.12,0.0,0.0,0.0,0.07,0.0,0.0,0.0,0.09,0.0,0.0,0.04,0.02,0.02,0.05,0.05,0.03,0.06,0.03,0.0,0.0,0.05,0.02,0.02,0.06,0.02,0.0,0.02,0.0,0.02,0.03,0.02,0.0,0.0,0.02,0.0,0.03,0.03,0.07,0.03,0.05,0.02,0.03,0.06
320300,徐州市,320300,0.18,0.16,0.13,0.16,0.16,0.12,0.11,0.21,0.39,0.17,0.1,0.0,0.04,0.0,0.0,0.0,0.0,0.13,0.0,0.0,0.05,0.0,0.0,0.0,0.0,0.0,0.0,0.06,0.04,0.03,0.0,0.02,0.03,0.0,0.0,0.0,0.0,0.0,0.05,0.0,0.0,0.0,0.0,0.0,0.0
320400,常州市,320400,0.0,0.0,0.0,0.0,0.0,0.0,0.0,0.0,0.0,0.0,0.0,0.0,0.0,0.03,0.02,0.0,0.0,0.0,0.0,0.0,0.0,0.0,0.0,0.09,0.04,0.03,0.0,0.0,0.04,0.05,0.06,0.1,0.08,0.12,0.03,0.05,0.0,0.05,0.03,0.0,0.07,0.05,0.0,0.0,0.0
320500,苏州市,320500,0.23,0.18,0.15,0.12,0.11,0.09,0.1,0.21,0.23,0.29,0.23,0.12,0.09,0.14,0.06,0.04,0.05,0.13,0.15,0.05,0.04,0.07,0.24,0.04,0.03,0.08,0.19,0.08,0.03,0.05,0.04,0.03,0.1,0.07,0.03,0.02,0.15,0.11,0.18,0.17,0.12,0.07,0.08,0.12,0.08
320600,南通市,320600,0.16,0.15,0.15,0.12,0.11,0.09,0.09,0.1,0.08,0.06,0.06,0.04,0.0,0.03,0.0,0.0,0.01,0.0,0.0,0.02,0.0,0.0,0.0,0.0,0.05,0.0,0.0,0.02,0.05,0.0,0.0,0.0,0.0,0.0,0.03,0.02,0.02,0.0,0.05,0.06,0.04,0.0,0.02,0.04,0.04
320700,连云港市,320700,0.0,0.0,0.0,0.0,0.0,0.0,0.0,0.0,0.0,0.0,0.0,0.0,0.0,0.01,0.01,0.01,0.0,0.0,0.0,0.0,0.01,0.05,0.03,0.0,0.0,0.01,0.02,0.0,0.02,0.0,0.02,0.0,0.03,0.0,0.0,0.0,0.02,0.0,0.0,0.0,0.02,0.0,0.0,0.02,0.0
320800,淮安市,320800,0.0,0.0,0.0,0.0,0.0,0.0,0.0,0.0,0.0,0.08,0.0,0.0,0.04,0.0,0.0,0.0,0.0,0.0,0.0,0.0,0.0,0.02,0.0,0.02,0.0,0.0,0.03,0.0,0.0,0.0,0.0,0.04,0.02,0.02,0.07,0.0,0.0,0.0,0.0,0.0,0.0,0.03,0.06,0.0,0.04
320900,盐城市,320900,0.0,0.0,0.0,0.0,0.0,0.09,0.08,0.09,0.07,0.1,0.0,0.03,0.03,0.11,0.0,0.04,0.03,0.07,0.0,0.04,0.03,0.04,0.03,0.04,0.04,0.12,0.0,0.03,0.07,0.06,0.0,0.03,0.06,0.07,0.02,0.05,0.19,0.14,0.17,0.08,0.17,0.09,0.06,0.09,0.03
321000,扬州市,321000,0.0,0.11,0.0,0.09,0.0,0.07,0.07,0.0,0.0,0.0,0.0,0.05,0.0,0.03,0.05,0.04,0.0,0.0,0.0,0.0,0.0,0.0,0.03,0.0,0.0,0.0,0.02,0.03,0.0,0.0,0.0,0.0,0.0,0.0,0.02,0.0,0.0,0.02,0.06,0.03,0.03,0.02,0.07,0.03,0.09
321100,镇江市,321100,0.0,0.0,0.0,0.0,0.0,0.0,0.0,0.0,0.0,0.0,0.0,0.0,0.02,0.11,0.06,0.09,0.02,0.04,0.0,0.0,0.02,0.04,0.02,0.02,0.02,0.0,0.0,0.02,0.05,0.0,0.0,0.03,0.0,0.05,0.03,0.03,0.0,0.0,0.03,0.0,0.0,0.03,0.0,0.03,0.0
321200,泰州市,321200,0.11,0.11,0.11,0.1,0.09,0.09,0.08,0.0,0.0,0.0,0.05,0.0,0.0,0.0,0.0,0.0,0.0,0.0,0.0,0.0,0.0,0.0,0.02,0.02,0.0,0.02,0.0,0.0,0.0,0.02,0.0,0.0,0.02,0.05,0.03,0.0,0.0,0.0,0.0,0.0,0.02,0.0,0.0,0.0,0.0
321300,宿迁市,321300,0.0,0.0,0.0,0.0,0.0,0.0,0.0,0.0,0.0,0.0,0.0,0.0,0.0,0.0,0.0,0.02,0.0,0.03,0.0,0.0,0.0,0.0,0.0,0.0,0.0,0.0,0.0,0.02,0.0,0.0,0.0,0.0,0.0,0.0,0.0,0.0,0.0,0.0,0.0,0.0,0.0,0.03,0.02,0.0,0.0
330100,杭州市,330100,0.28,0.27,0.2,0.17,0.15,0.11,0.13,0.2,0.25,0.26,0.13,0.1,0.03,0.05,0.05,0.02,0.05,0.09,0.06,0.03,0.07,0.07,0.04,0.0,0.03,0.02,0.06,0.06,0.07,0.05,0.04,0.05,0.06,0.05,0.09,0.06,0.12,0.05,0.05,0.03,0.08,0.07,0.06,0.08,0.11
330200,宁波市,330200,0.0,0.0,0.0,0.0,0.0,0.0,0.0,0.1,0.0,0.1,0.05,0.06,0.04,0.0,0.05,0.05,0.0,0.07,0.02,0.04,0.0,0.03,0.02,0.04,0.02,0.0,0.02,0.02,0.04,0.0,0.05,0.0,0.02,0.0,0.04,0.08,0.02,0.06,0.07,0.0,0.03,0.05,0.0,0.04,0.03
330300,温州市,330300,0.22,0.24,0.24,0.28,0.24,0.22,0.16,0.21,0.18,0.1,0.06,0.14,0.02,0.09,0.04,0.01,0.02,0.0,0.02,0.04,0.07,0.03,0.04,0.0,0.0,0.02,0.0,0.0,0.0,0.03,0.0,0.0,0.03,0.03,0.0,0.03,0.02,0.0,0.0,0.07,0.03,0.03,0.02,0.06,0.02
330400,嘉兴市,330400,0.0,0.0,0.0,0.0,0.0,0.0,0.0,0.0,0.0,0.0,0.0,0.04,0.02,0.03,0.02,0.0,0.0,0.0,0.0,0.0,0.03,0.0,0.02,0.0,0.0,0.0,0.02,0.0,0.0,0.0,0.0,0.0,0.02,0.02,0.0,0.03,0.0,0.0,0.0,0.0,0.03,0.0,0.03,0.03,0.0
330500,湖州市,330500,0.0,0.0,0.0,0.0,0.0,0.0,0.0,0.0,0.0,0.0,0.0,0.0,0.0,0.0,0.0,0.0,0.0,0.0,0.0,0.02,0.0,0.0,0.02,0.0,0.03,0.0,0.0,0.0,0.0,0.0,0.02,0.0,0.02,0.0,0.03,0.0,0.0,0.02,0.0,0.0,0.02,0.05,0.0,0.0,0.04
330600,绍兴市,330600,0.11,0.0,0.0,0.0,0.0,0.0,0.0,0.0,0.0,0.0,0.0,0.0,0.02,0.02,0.0,0.0,0.0,0.03,0.0,0.02,0.03,0.0,0.0,0.0,0.0,0.0,0.03,0.0,0.0,0.02,0.03,0.0,0.0,0.03,0.06,0.06,0.06,0.05,0.06,0.07,0.11,0.02,0.03,0.04,0.07
330700,金华市,330700,0.0,0.11,0.11,0.1,0.1,0.0,0.0,0.0,0.07,0.0,0.0,0.04,0.02,0.02,0.04,0.0,0.0,0.0,0.04,0.03,0.0,0.0,0.0,0.0,0.0,0.0,0.0,0.02,0.0,0.0,0.03,0.0,0.02,0.0,0.0,0.02,0.02,0.0,0.03,0.09,0.04,0.0,0.0,0.0,0.0
330800,衢州市,330800,0.0,0.0,0.0,0.0,0.0,0.0,0.0,0.0,0.0,0.0,0.0,0.0,0.02,0.02,0.05,0.0,0.0,0.0,0.0,0.0,0.02,0.0,0.0,0.03,0.0,0.0,0.0,0.0,0.0,0.0,0.0,0.0,0.0,0.05,0.02,0.02,0.0,0.0,0.0,0.0,0.0,0.0,0.0,0.0,0.03
330900,舟山市,330900,0.0,0.0,0.0,0.0,0.0,0.0,0.0,0.0,0.0,0.0,0.0,0.0,0.0,0.0,0.02,0.0,0.0,0.03,0.0,0.0,0.0,0.0,0.0,0.0,0.0,0.0,0.0,0.0,0.0,0.0,0.0,0.0,0.0,0.07,0.0,0.0,0.0,0.0,0.0,0.04,0.02,0.0,0.0,0.0,0.0
331000,台州市,331000,0.16,0.12,0.13,0.12,0.11,0.08,0.08,0.12,0.19,0.52,0.18,0.03,0.07,0.02,0.02,0.04,0.01,0.1,0.04,0.0,0.02,0.0,0.0,0.0,0.0,0.0,0.0,0.0,0.0,0.0,0.02,0.0,0.0,0.0,0.0,0.02,0.03,0.0,0.0,0.0,0.0,0.02,0.0,0.0,0.03
331100,丽水市,331100,0.0,0.0,0.0,0.0,0.0,0.0,0.0,0.0,0.0,0.0,0.0,0.0,0.0,0.0,0.0,0.0,0.0,0.0,0.0,0.0,0.0,0.0,0.0,0.0,0.0,0.0,0.0,0.0,0.0,0.0,0.0,0.0,0.0,0.0,0.0,0.0,0.0,0.0,0.0,0.0,0.0,0.0,0.0,0.0,0.0
340100,合肥市,340100,0.47,0.4,0.34,0.3,0.27,0.25,0.21,0.17,0.21,0.18,0.24,0.15,0.08,0.06,0.04,0.19,0.08,0.1,0.13,0.09,0.05,0.19,0.14,0.03,0.14,0.13,0.05,0.12,0.15,0.12,0.1,0.12,0.17,0.05,0.12,0.11,0.17,0.12,0.16,0.24,0.06,0.26,0.11,0.16,0.18
340200,芜湖市,340200,0.0,0.12,0.11,0.11,0.12,0.11,0.13,0.15,0.09,0.12,0.12,0.13,0.12,0.11,0.12,0.22,0.02,0.12,0.18,0.11,0.14,0.04,0.08,0.04,0.1,0.1,0.05,0.12,0.16,0.02,0.05,0.17,0.13,0.07,0.12,0.1,0.07,0.16,0.11,0.09,0.06,0.06,0.12,0.12,0.24
340300,蚌埠市,340300,0.0,0.0,0.0,0.0,0.0,0.0,0.0,0.0,0.0,0.0,0.0,0.0,0.0,0.0,0.0,0.0,0.0,0.0,0.0,0.0,0.02,0.0,0.0,0.0,0.0,0.02,0.03,0.0,0.0,0.0,0.0,0.0,0.0,0.0,0.0,0.0,0.0,0.0,0.0,0.0,0.0,0.0,0.0,0.0,0.0
340400,淮南市,340400,0.0,0.0,0.0,0.0,0.0,0.0,0.0,0.0,0.0,0.0,0.0,0.0,0.0,0.0,0.0,0.0,0.0,0.0,0.0,0.02,0.0,0.0,0.0,0.0,0.0,0.0,0.0,0.0,0.0,0.0,0.0,0.0,0.0,0.0,0.0,0.0,0.0,0.0,0.0,0.0,0.0,0.0,0.0,0.0,0.0
340500,马鞍山市,340500,0.0,0.0,0.0,0.0,0.0,0.0,0.0,0.0,0.0,0.0,0.05,0.0,0.04,0.0,0.02,0.0,0.03,0.0,0.0,0.0,0.03,0.0,0.0,0.0,0.0,0.0,0.0,0.03,0.02,0.02,0.0,0.0,0.0,0.0,0.0,0.0,0.02,0.0,0.07,0.0,0.09,0.05,0.0,0.04,0.02
340600,淮北市,340600,0.0,0.0,0.0,0.0,0.0,0.0,0.0,0.0,0.0,0.0,0.0,0.0,0.0,0.0,0.0,0.0,0.0,0.0,0.0,0.0,0.0,0.0,0.0,0.0,0.0,0.0,0.0,0.0,0.0,0.09,0.04,0.0,0.0,0.0,0.0,0.0,0.0,0.0,0.0,0.0,0.0,0.0,0.0,0.0,0.0
340700,铜陵市,340700,0.1,0.0,0.0,0.0,0.0,0.08,0.07,0.09,0.07,0.0,0.0,0.05,0.02,0.0,0.0,0.0,0.0,0.04,0.0,0.02,0.04,0.02,0.0,0.03,0.03,0.0,0.0,0.02,0.0,0.0,0.0,0.04,0.0,0.0,0.0,0.02,0.0,0.03,0.0,0.04,0.03,0.05,0.0,0.06,0.04
340800,安庆市,340800,0.59,0.57,0.45,0.43,0.5,0.5,0.39,0.33,0.28,0.24,0.24,0.11,0.04,0.09,0.09,0.06,0.04,0.24,0.04,0.07,0.05,0.02,0.09,0.03,0.04,0.07,0.06,0.1,0.09,0.08,0.06,0.1,0.06,0.08,0.06,0.0,0.12,0.15,0.03,0.04,0.18,0.07,0.18,0.16,0.08
341000,黄山市,341000,0.0,0.0,0.0,0.0,0.0,0.0,0.0,0.0,0.0,0.0,0.0,0.0,0.0,0.0,0.0,0.0,0.0,0.0,0.0,0.0,0.0,0.02,0.0,0.0,0.0,0.0,0.0,0.0,0.0,0.0,0.0,0.02,0.0,0.0,0.0,0.0,0.0,0.0,0.0,0.0,0.0,0.0,0.0,0.0,0.04
341100,滁州市,341100,0.0,0.0,0.0,0.0,0.0,0.0,0.0,0.0,0.0,0.07,0.05,0.0,0.0,0.0,0.0,0.0,0.0,0.0,0.04,0.0,0.0,0.0,0.0,0.0,0.05,0.0,0.0,0.03,0.05,0.0,0.02,0.03,0.0,0.0,0.0,0.0,0.0,0.0,0.0,0.0,0.0,0.03,0.06,0.03,0.03
341200,阜阳市,341200,0.35,0.34,0.36,0.43,0.38,0.33,0.35,0.49,0.41,0.29,0.34,0.25,0.13,0.11,0.24,0.15,0.12,0.19,0.04,0.16,0.07,0.15,0.05,0.11,0.05,0.13,0.13,0.2,0.11,0.11,0.14,0.08,0.15,0.11,0.06,0.11,0.12,0.17,0.08,0.25,0.22,0.17,0.07,0.18,0.09
341300,宿州市,341300,0.11,0.11,0.1,0.12,0.11,0.09,0.09,0.12,0.11,0.12,0.06,0.0,0.0,0.02,0.0,0.0,0.02,0.0,0.0,0.0,0.0,0.0,0.01,0.0,0.0,0.0,0.0,0.02,0.06,0.0,0.0,0.0,0.0,0.0,0.0,0.03,0.02,0.0,0.0,0.0,0.0,0.0,0.0,0.08,0.02
341500,六安市,341500,0.21,0.18,0.18,0.18,0.21,0.19,0.17,0.14,0.15,0.07,0.13,0.04,0.02,0.0,0.08,0.02,0.06,0.06,0.08,0.03,0.03,0.04,0.05,0.02,0.05,0.03,0.0,0.03,0.04,0.03,0.05,0.06,0.08,0.05,0.0,0.12,0.06,0.05,0.05,0.04,0.09,0.09,0.05,0.08,0.18
341600,亳州市,341600,0.12,0.12,0.13,0.14,0.1,0.09,0.08,0.08,0.08,0.0,0.0,0.0,0.0,0.0,0.0,0.02,0.0,0.0,0.0,0.0,0.0,0.0,0.02,0.0,0.0,0.0,0.04,0.0,0.0,0.0,0.0,0.0,0.03,0.03,0.0,0.0,0.0,0.0,0.0,0.0,0.0,0.0,0.0,0.0,0.03
341700,池州市,341700,0.0,0.0,0.0,0.0,0.0,0.0,0.0,0.0,0.0,0.0,0.08,0.0,0.06,0.05,0.0,0.05,0.0,0.09,0.05,0.0,0.02,0.03,0.02,0.07,0.02,0.02,0.03,0.05,0.06,0.07,0.0,0.04,0.1,0.0,0.0,0.03,0.07,0.06,0.05,0.06,0.03,0.05,0.02,0.07,0.07
341800,宣城市,341800,0.0,0.0,0.0,0.0,0.0,0.0,0.0,0.0,0.0,0.0,0.0,0.0,0.03,0.0,0.0,0.0,0.0,0.03,0.0,0.0,0.0,0.03,0.0,0.02,0.03,0.0,0.05,0.0,0.02,0.0,0.0,0.0,0.0,0.0,0.0,0.0,0.06,0.0,0.0,0.0,0.0,0.0,0.02,0.0,0.0
350100,福州市,350100,0.23,0.2,0.19,0.2,0.17,0.18,0.17,0.18,0.16,0.14,0.11,0.0,0.03,0.02,0.04,0.02,0.02,0.06,0.02,0.02,0.03,0.0,0.02,0.0,0.03,0.02,0.02,0.0,0.0,0.0,0.05,0.0,0.0,0.05,0.0,0.05,0.07,0.0,0.03,0.0,0.07,0.03,0.0,0.04,0.06
350200,厦门市,350200,0.17,0.14,0.18,0.14,0.15,0.11,0.1,0.15,0.13,0.1,0.15,0.08,0.03,0.0,0.0,0.0,0.04,0.03,0.0,0.03,0.03,0.04,0.01,0.02,0.03,0.01,0.03,0.0,0.03,0.02,0.0,0.02,0.03,0.0,0.02,0.0,0.0,0.0,0.0,0.03,0.08,0.07,0.05,0.02,0.03
350300,莆田市,350300,0.0,0.0,0.11,0.09,0.09,0.0,0.0,0.0,0.0,0.0,0.0,0.0,0.0,0.0,0.0,0.02,0.0,0.0,0.0,0.0,0.02,0.0,0.0,0.0,0.0,0.0,0.0,0.0,0.04,0.0,0.0,0.0,0.0,0.0,0.03,0.0,0.0,0.0,0.0,0.0,0.0,0.0,0.0,0.0,0.0
350400,三明市,350400,0.11,0.0,0.0,0.0,0.0,0.0,0.0,0.0,0.0,0.0,0.0,0.0,0.0,0.0,0.0,0.0,0.0,0.0,0.06,0.0,0.0,0.02,0.0,0.03,0.02,0.0,0.0,0.0,0.0,0.02,0.0,0.02,0.0,0.03,0.0,0.02,0.02,0.0,0.0,0.0,0.02,0.0,0.0,0.0,0.03
350500,泉州市,350500,0.26,0.24,0.24,0.19,0.19,0.17,0.18,0.19,0.12,0.12,0.07,0.06,0.03,0.0,0.0,0.0,0.0,0.0,0.0,0.03,0.0,0.03,0.0,0.0,0.02,0.0,0.03,0.0,0.0,0.06,0.02,0.02,0.02,0.0,0.0,0.0,0.06,0.0,0.05,0.0,0.0,0.0,0.03,0.0,0.0
350600,漳州市,350600,0.0,0.0,0.0,0.0,0.0,0.0,0.0,0.0,0.0,0.0,0.0,0.0,0.0,0.03,0.05,0.0,0.0,0.03,0.0,0.0,0.0,0.0,0.0,0.0,0.02,0.0,0.0,0.02,0.03,0.0,0.0,0.0,0.0,0.0,0.04,0.02,0.0,0.06,0.0,0.04,0.0,0.05,0.03,0.0,0.0
350700,南平市,350700,0.0,0.0,0.0,0.0,0.0,0.0,0.0,0.0,0.0,0.0,0.0,0.0,0.0,0.02,0.0,0.0,0.0,0.0,0.0,0.0,0.0,0.0,0.0,0.0,0.0,0.0,0.0,0.0,0.0,0.0,0.0,0.0,0.0,0.0,0.0,0.0,0.0,0.0,0.03,0.0,0.0,0.02,0.02,0.0,0.0
350800,龙岩市,350800,0.0,0.0,0.0,0.0,0.0,0.0,0.0,0.0,0.0,0.0,0.0,0.0,0.0,0.0,0.0,0.0,0.0,0.0,0.0,0.0,0.0,0.0,0.0,0.0,0.0,0.0,0.0,0.0,0.0,0.03,0.0,0.0,0.0,0.0,0.02,0.0,0.0,0.0,0.0,0.0,0.0,0.0,0.0,0.0,0.0
350900,宁德市,350900,0.0,0.0,0.0,0.0,0.0,0.0,0.0,0.0,0.0,0.0,0.0,0.0,0.0,0.0,0.0,0.0,0.0,0.0,0.0,0.0,0.0,0.0,0.0,0.02,0.0,0.0,0.0,0.0,0.0,0.0,0.0,0.0,0.0,0.0,0.0,0.0,0.0,0.0,0.0,0.0,0.0,0.0,0.0,0.0,0.0
360100,南昌市,360100,0.49,0.46,0.48,0.43,0.4,0.38,0.45,0.38,0.3,0.28,0.32,0.22,0.28,0.29,0.27,0.2,0.11,0.27,0.31,0.21,0.15,0.14,0.12,0.18,0.17,0.13,0.22,0.13,0.16,0.23,0.21,0.24,0.18,0.17,0.13,0.18,0.15,0.23,0.25,0.16,0.27,0.25,0.17,0.21,0.26
360200,景德镇市,360200,0.0,0.0,0.0,0.0,0.0,0.0,0.0,0.0,0.0,0.0,0.0,0.03,0.0,0.01,0.0,0.0,0.01,0.0,0.0,0.0,0.0,0.0,0.01,0.0,0.0,0.01,0.01,0.0,0.0,0.0,0.0,0.0,0.0,0.0,0.0,0.0,0.0,0.0,0.0,0.02,0.0,0.0,0.05,0.02,0.03
360300,萍乡市,360300,0.0,0.0,0.0,0.0,0.0,0.0,0.0,0.0,0.0,0.0,0.0,0.0,0.0,0.0,0.0,0.0,0.0,0.0,0.0,0.0,0.0,0.0,0.0,0.0,0.0,0.0,0.0,0.0,0.0,0.0,0.0,0.0,0.0,0.0,0.0,0.0,0.0,0.0,0.0,0.0,0.0,0.0,0.02,0.0,0.0
360400,九江市,360400,0.6,0.57,0.52,0.48,0.5,0.5,0.41,0.4,0.29,0.37,0.35,0.33,0.28,0.27,0.3,0.17,0.16,0.24,0.26,0.22,0.22,0.13,0.27,0.18,0.16,0.22,0.19,0.12,0.14,0.22,0.17,0.2,0.17,0.23,0.29,0.32,0.34,0.43,0.35,0.2,0.27,0.33,0.35,0.3,0.26
360500,新余市,360500,0.0,0.0,0.0,0.0,0.0,0.0,0.0,0.0,0.0,0.0,0.0,0.0,0.0,0.02,0.0,0.0,0.02,0.0,0.0,0.0,0.0,0.0,0.0,0.0,0.0,0.0,0.0,0.0,0.0,0.0,0.0,0.0,0.0,0.0,0.0,0.0,0.0,0.0,0.0,0.0,0.0,0.0,0.0,0.0,0.0
360600,鹰潭市,360600,0.0,0.0,0.0,0.0,0.0,0.0,0.0,0.0,0.0,0.0,0.0,0.0,0.0,0.0,0.0,0.0,0.0,0.0,0.0,0.0,0.0,0.0,0.0,0.0,0.0,0.0,0.0,0.0,0.0,0.0,0.02,0.0,0.0,0.0,0.0,0.0,0.0,0.0,0.0,0.0,0.0,0.0,0.0,0.0,0.0
360700,赣州市,360700,0.2,0.18,0.17,0.16,0.14,0.14,0.14,0.16,0.12,0.1,0.0,0.04,0.0,0.02,0.02,0.0,0.0,0.0,0.0,0.04,0.0,0.02,0.02,0.0,0.0,0.0,0.0,0.02,0.0,0.0,0.02,0.06,0.0,0.0,0.02,0.0,0.0,0.06,0.0,0.07,0.06,0.02,0.02,0.03,0.04
360800,吉安市,360800,0.13,0.12,0.14,0.16,0.14,0.13,0.13,0.12,0.1,0.09,0.0,0.06,0.0,0.0,0.0,0.0,0.02,0.0,0.0,0.0,0.0,0.0,0.0,0.02,0.0,0.01,0.02,0.0,0.0,0.0,0.0,0.0,0.0,0.0,0.04,0.0,0.0,0.02,0.0,0.0,0.0,0.06,0.0,0.04,0.02
360900,宜春市,360900,0.37,0.32,0.3,0.29,0.27,0.26,0.22,0.16,0.13,0.15,0.07,0.0,0.07,0.03,0.02,0.0,0.0,0.04,0.0,0.0,0.0,0.02,0.0,0.0,0.0,0.0,0.02,0.0,0.0,0.0,0.02,0.02,0.0,0.02,0.02,0.0,0.02,0.0,0.03,0.0,0.0,0.02,0.0,0.0,0.0
361000,抚州市,361000,0.18,0.16,0.18,0.16,0.15,0.14,0.1,0.11,0.09,0.1,0.08,0.04,0.0,0.0,0.0,0.0,0.0,0.07,0.0,0.0,0.0,0.0,0.02,0.0,0.0,0.0,0.0,0.0,0.0,0.0,0.0,0.0,0.06,0.0,0.06,0.0,0.0,0.02,0.05,0.04,0.0,0.03,0.07,0.0,0.03
361100,上饶市,361100,0.2,0.2,0.18,0.16,0.2,0.16,0.15,0.15,0.17,0.11,0.05,0.04,0.0,0.0,0.0,0.0,0.02,0.04,0.0,0.0,0.0,0.0,0.0,0.0,0.0,0.01,0.02,0.0,0.0,0.0,0.0,0.0,0.02,0.0,0.0,0.0,0.0,0.06,0.0,0.02,0.0,0.0,0.07,0.03,0.0
370100,济南市,370100,0.13,0.11,0.0,0.09,0.0,0.0,0.0,0.0,0.0,0.0,0.04,0.0,0.0,0.03,0.0,0.02,0.01,0.06,0.02,0.0,0.03,0.02,0.04,0.03,0.0,0.0,0.03,0.09,0.17,0.0,0.03,0.02,0.1,0.03,0.0,0.0,0.0,0.06,0.03,0.02,0.0,0.02,0.02,0.04,0.02
370200,青岛市,370200,0.17,0.12,0.11,0.0,0.0,0.0,0.0,0.0,0.0,0.0,0.06,0.04,0.03,0.03,0.0,0.0,0.0,0.0,0.02,0.0,0.0,0.0,0.0,0.03,0.02,0.04,0.04,0.04,0.0,0.04,0.02,0.0,0.0,0.12,0.12,0.05,0.02,0.03,0.05,0.07,0.0,0.03,0.0,0.0,0.09
370300,淄博市,370300,0.0,0.0,0.0,0.0,0.0,0.0,0.0,0.0,0.0,0.0,0.0,0.0,0.0,0.0,0.0,0.02,0.0,0.04,0.02,0.0,0.0,0.0,0.0,0.0,0.0,0.0,0.0,0.0,0.0,0.0,0.0,0.0,0.0,0.0,0.0,0.02,0.0,0.0,0.0,0.0,0.0,0.06,0.0,0.0,0.0
370400,枣庄市,370400,0.0,0.0,0.0,0.0,0.0,0.0,0.0,0.0,0.0,0.0,0.06,0.0,0.0,0.0,0.0,0.01,0.03,0.0,0.0,0.0,0.0,0.0,0.0,0.0,0.0,0.0,0.03,0.03,0.18,0.03,0.0,0.02,0.0,0.0,0.0,0.0,0.05,0.03,0.03,0.0,0.0,0.0,0.0,0.0,0.0
370500,东营市,370500,0.0,0.0,0.0,0.0,0.0,0.0,0.0,0.0,0.0,0.0,0.0,0.0,0.0,0.0,0.0,0.0,0.0,0.0,0.0,0.0,0.0,0.0,0.0,0.0,0.0,0.0,0.0,0.0,0.0,0.0,0.0,0.0,0.0,0.0,0.0,0.0,0.0,0.0,0.0,0.0,0.0,0.0,0.0,0.0,0.0
370600,烟台市,370600,0.0,0.0,0.0,0.0,0.0,0.0,0.0,0.0,0.0,0.0,0.0,0.0,0.0,0.0,0.0,0.0,0.0,0.0,0.0,0.02,0.0,0.0,0.0,0.0,0.0,0.02,0.0,0.0,0.0,0.0,0.0,0.0,0.0,0.0,0.02,0.0,0.0,0.0,0.0,0.0,0.0,0.0,0.0,0.0,0.0
370700,潍坊市,370700,0.0,0.0,0.0,0.0,0.0,0.0,0.0,0.0,0.0,0.0,0.0,0.07,0.12,0.02,0.0,0.05,0.02,0.0,0.06,0.07,0.17,0.08,0.09,0.06,0.04,0.0,0.0,0.0,0.04,0.05,0.0,0.03,0.05,0.03,0.06,0.03,0.03,0.07,0.0,0.04,0.03,0.05,0.03,0.03,0.04
370800,济宁市,370800,0.0,0.1,0.1,0.1,0.09,0.0,0.07,0.0,0.07,0.0,0.0,0.0,0.02,0.0,0.04,0.0,0.02,0.0,0.0,0.0,0.0,0.0,0.0,0.0,0.0,0.0,0.0,0.02,0.0,0.0,0.02,0.0,0.03,0.02,0.0,0.02,0.05,0.0,0.0,0.06,0.0,0.0,0.0,0.0,0.0
370900,泰安市,370900,0.0,0.0,0.0,0.0,0.0,0.0,0.0,0.0,0.0,0.06,0.0,0.0,0.0,0.0,0.0,0.0,0.0,0.0,0.0,0.0,0.0,0.0,0.0,0.0,0.0,0.0,0.0,0.0,0.0,0.0,0.0,0.0,0.0,0.0,0.0,0.02,0.0,0.0,0.0,0.0,0.0,0.0,0.0,0.0,0.0
371000,威海市,371000,0.0,0.0,0.0,0.0,0.0,0.0,0.0,0.0,0.0,0.0,0.0,0.0,0.0,0.0,0.0,0.0,0.0,0.0,0.0,0.0,0.0,0.0,0.01,0.0,0.0,0.0,0.0,0.0,0.0,0.0,0.0,0.0,0.02,0.0,0.0,0.0,0.0,0.0,0.0,0.0,0.0,0.0,0.0,0.0,0.0
371100,日照市,371100,0.0,0.0,0.0,0.0,0.0,0.0,0.0,0.0,0.0,0.0,0.0,0.0,0.0,0.0,0.0,0.0,0.0,0.0,0.0,0.0,0.0,0.0,0.0,0.0,0.0,0.0,0.0,0.09,0.0,0.06,0.0,0.0,0.0,0.0,0.0,0.0,0.0,0.0,0.0,0.0,0.0,0.0,0.0,0.0,0.0
371300,临沂市,371300,0.0,0.11,0.0,0.0,0.1,0.07,0.0,0.09,0.17,0.12,0.09,0.03,0.02,0.0,0.04,0.05,0.02,0.0,0.05,0.05,0.04,0.07,0.0,0.0,0.07,0.04,0.03,0.0,0.02,0.04,0.0,0.0,0.03,0.02,0.03,0.0,0.0,0.0,0.0,0.0,0.03,0.09,0.03,0.03,0.03
371400,德州市,371400,0.0,0.0,0.0,0.0,0.0,0.0,0.0,0.0,0.0,0.0,0.0,0.05,0.0,0.0,0.0,0.0,0.03,0.0,0.0,0.02,0.02,0.0,0.02,0.0,0.0,0.04,0.0,0.0,0.0,0.0,0.04,0.0,0.03,0.0,0.0,0.02,0.0,0.05,0.0,0.0,0.0,0.0,0.0,0.0,0.0
371500,聊城市,371500,0.0,0.0,0.0,0.0,0.0,0.0,0.0,0.0,0.0,0.0,0.0,0.0,0.0,0.0,0.0,0.0,0.0,0.0,0.02,0.0,0.0,0.0,0.0,0.0,0.0,0.0,0.0,0.02,0.0,0.0,0.03,0.0,0.03,0.02,0.0,0.0,0.03,0.0,0.03,0.0,0.0,0.0,0.0,0.0,0.0
371600,滨州市,371600,0.0,0.0,0.0,0.0,0.0,0.0,0.0,0.0,0.0,0.0,0.0,0.04,0.02,0.0,0.0,0.0,0.0,0.0,0.02,0.0,0.0,0.0,0.0,0.0,0.0,0.0,0.0,0.0,0.0,0.0,0.0,0.0,0.0,0.0,0.0,0.0,0.0,0.0,0.0,0.0,0.0,0.0,0.0,0.0,0.0
371700,菏泽市,371700,0.14,0.16,0.18,0.19,0.16,0.15,0.12,0.17,0.12,0.08,0.06,0.07,0.0,0.0,0.02,0.08,0.0,0.0,0.09,0.0,0.0,0.02,0.0,0.0,0.0,0.0,0.02,0.0,0.0,0.0,0.02,0.03,0.05,0.0,0.03,0.0,0.11,0.07,0.03,0.04,0.0,0.05,0.05,0.0,0.0
410100,郑州市,410100,0.68,0.62,0.51,0.52,0.44,0.31,0.26,0.27,0.33,0.49,0.39,0.45,0.55,0.23,0.39,0.33,0.24,0.35,0.4,0.22,0.25,0.22,0.27,0.22,0.21,0.26,0.12,0.48,0.35,0.4,0.47,0.3,0.23,0.24,0.26,0.33,0.2,0.24,0.41,0.41,0.29,0.3,0.31,0.31,0.32
410200,开封市,410200,0.16,0.14,0.16,0.18,0.19,0.14,0.12,0.12,0.08,0.11,0.0,0.05,0.0,0.0,0.0,0.0,0.0,0.0,0.0,0.0,0.02,0.0,0.03,0.0,0.03,0.07,0.0,0.09,0.03,0.0,0.03,0.0,0.0,0.02,0.0,0.0,0.05,0.06,0.03,0.0,0.06,0.0,0.0,0.04,0.0
410300,洛阳市,410300,0.23,0.17,0.2,0.2,0.17,0.14,0.14,0.1,0.11,0.06,0.06,0.0,0.06,0.01,0.01,0.05,0.02,0.0,0.02,0.0,0.0,0.0,0.03,0.0,0.0,0.01,0.01,0.3,0.03,0.03,0.0,0.0,0.0,0.0,0.0,0.02,0.03,0.0,0.0,0.0,0.02,0.06,0.02,0.03,0.0
410400,平顶山市,410400,0.14,0.14,0.14,0.15,0.15,0.14,0.11,0.12,0.09,0.08,0.05,0.03,0.0,0.05,0.02,0.0,0.01,0.03,0.0,0.02,0.0,0.0,0.02,0.15,0.04,0.09,0.1,0.03,0.04,0.0,0.0,0.03,0.0,0.02,0.0,0.0,0.0,0.03,0.0,0.0,0.04,0.0,0.02,0.0,0.0
410500,安阳市,410500,0.15,0.14,0.18,0.17,0.17,0.13,0.13,0.13,0.08,0.06,0.05,0.0,0.03,0.02,0.0,0.0,0.02,0.0,0.0,0.0,0.02,0.0,0.0,0.02,0.0,0.02,0.02,0.05,0.48,0.24,0.56,0.0,0.03,0.07,0.0,0.0,0.0,0.0,0.06,0.0,0.04,0.0,0.0,0.0,0.0
410600,鹤壁市,410600,0.0,0.0,0.0,0.0,0.0,0.0,0.0,0.0,0.0,0.0,0.0,0.0,0.0,0.0,0.0,0.0,0.0,0.0,0.0,0.0,0.0,0.0,0.0,0.0,0.0,0.0,0.0,0.0,0.0,0.0,0.04,0.0,0.0,0.0,0.0,0.0,0.0,0.0,0.0,0.0,0.0,0.0,0.0,0.0,0.0
410700,新乡市,410700,0.23,0.17,0.19,0.19,0.17,0.15,0.12,0.11,0.08,0.09,0.05,0.0,0.0,0.0,0.01,0.02,0.0,0.03,0.09,0.04,0.04,0.07,0.01,0.03,0.0,0.06,0.04,0.02,0.02,0.1,0.03,0.0,0.0,0.0,0.03,0.07,0.11,0.02,0.0,0.0,0.02,0.03,0.0,0.03,0.03
410800,焦作市,410800,0.12,0.09,0.1,0.09,0.1,0.08,0.0,0.0,0.0,0.06,0.0,0.04,0.0,0.0,0.02,0.0,0.0,0.0,0.0,0.0,0.0,0.0,0.0,0.0,0.02,0.0,0.0,0.0,0.0,0.0,0.0,0.0,0.0,0.0,0.0,0.02,0.05,0.0,0.0,0.0,0.02,0.0,0.0,0.0,0.0
410900,濮阳市,410900,0.11,0.0,0.0,0.0,0.1,0.09,0.08,0.0,0.0,0.0,0.0,0.0,0.02,0.0,0.0,0.0,0.0,0.03,0.0,0.0,0.0,0.0,0.0,0.0,0.0,0.0,0.0,0.06,0.0,0.0,0.0,0.0,0.0,0.02,0.0,0.0,0.0,0.0,0.0,0.0,0.0,0.0,0.05,0.0,0.0
411000,许昌市,411000,0.17,0.15,0.19,0.2,0.18,0.15,0.13,0.11,0.12,0.11,0.07,0.08,0.07,0.05,0.02,0.04,0.04,0.07,0.02,0.03,0.0,0.02,0.0,0.02,0.04,0.0,0.0,0.02,0.02,0.04,0.0,0.0,0.02,0.02,0.02,0.05,0.05,0.08,0.0,0.0,0.02,0.0,0.0,0.03,0.08
411100,漯河市,411100,0.21,0.19,0.18,0.21,0.19,0.22,0.18,0.16,0.13,0.12,0.09,0.08,0.03,0.07,0.04,0.0,0.0,0.0,0.02,0.0,0.11,0.03,0.0,0.02,0.04,0.09,0.04,0.08,0.04,0.03,0.07,0.08,0.03,0.06,0.0,0.11,0.11,0.03,0.03,0.13,0.06,0.0,0.05,0.07,0.07
411200,三门峡市,411200,0.0,0.0,0.0,0.0,0.0,0.0,0.0,0.0,0.0,0.0,0.0,0.04,0.0,0.01,0.05,0.01,0.0,0.0,0.08,0.07,0.03,0.09,0.03,0.04,0.08,0.02,0.01,0.05,0.09,0.02,0.05,0.03,0.02,0.03,0.04,0.0,0.0,0.02,0.03,0.03,0.0,0.05,0.03,0.0,0.03
411300,南阳市,411300,0.77,0.7,0.72,0.82,0.82,0.77,0.76,0.62,0.54,0.68,0.45,0.41,0.35,0.3,0.36,0.22,0.54,0.27,0.19,0.25,0.38,0.34,0.29,0.45,0.45,0.48,0.27,0.29,0.4,0.3,0.37,0.37,0.51,0.44,0.42,0.55,0.38,0.32,0.45,0.64,0.29,0.47,0.37,0.5,0.59
411400,商丘市,411400,0.36,0.34,0.38,0.43,0.4,0.33,0.37,0.52,0.5,0.4,0.27,0.11,0.0,0.02,0.04,0.04,0.02,0.0,0.05,0.0,0.02,0.05,0.16,0.06,0.12,0.09,0.02,0.0,0.05,0.03,0.07,0.06,0.0,0.0,0.09,0.0,0.0,0.06,0.0,0.06,0.04,0.0,0.0,0.03,0.08
411500,信阳市,411500,1.63,1.35,1.45,1.57,1.68,1.76,1.66,1.49,1.22,1.06,0.64,0.56,0.42,0.31,0.24,0.31,0.16,0.36,0.48,0.29,0.16,0.32,0.26,0.19,0.18,0.19,0.37,0.32,0.2,0.26,0.25,0.2,0.28,0.25,0.34,0.25,0.48,0.42,0.31,0.27,0.29,0.29,0.37,0.3,0.33
411600,周口市,411600,0.5,0.46,0.51,0.54,0.51,0.42,0.44,0.4,0.35,0.28,0.21,0.11,0.03,0.0,0.0,0.02,0.04,0.03,0.0,0.02,0.02,0.03,0.0,0.03,0.02,0.03,0.0,0.03,0.04,0.11,0.03,0.03,0.0,0.03,0.03,0.05,0.07,0.06,0.05,0.07,0.11,0.05,0.06,0.07,0.13
411700,驻马店市,411700,0.73,0.68,0.68,0.72,0.73,0.66,0.62,0.55,0.44,0.37,0.28,0.11,0.06,0.1,0.05,0.04,0.06,0.07,0.08,0.02,0.01,0.03,0.03,0.04,0.08,0.06,0.01,0.06,0.13,0.09,0.1,0.06,0.11,0.11,0.09,0.07,0.1,0.1,0.07,0.09,0.11,0.07,0.15,0.08,0.11
420100,武汉市,420100,100.0,100.0,100.0,100.0,100.0,100.0,100.0,100.0,100.0,100.0,100.0,100.0,100.0,100.0,100.0,100.0,100.0,100.0,100.0,100.0,100.0,100.0,100.0,100.0,100.0,100.0,100.0,100.0,100.0,100.0,100.0,100.0,100.0,100.0,100.0,100.0,100.0,100.0,100.0,100.0,100.0,100.0,100.0,100.0,100.0
420200,黄石市,420200,3.94,4.21,3.75,3.7,3.74,3.86,3.76,3.36,3.42,3.42,2.92,3.06,3.2,2.87,2.87,3.22,3.03,3.17,2.9,2.89,3.4,3.13,2.82,2.83,3.02,2.97,3.25,3.47,3.1,2.66,2.78,3.02,2.81,2.93,2.83,2.81,3.14,2.75,2.56,3.0,2.91,2.93,3.03,2.76,2.95
420300,十堰市,420300,1.56,1.65,1.84,1.97,2.0,2.06,2.14,1.96,2.0,2.4,3.17,3.42,3.56,3.62,4.03,3.77,5.15,2.21,2.51,3.32,3.57,3.91,4.07,4.17,3.98,4.04,3.76,3.52,3.38,3.15,3.96,4.02,4.22,4.13,4.08,4.09,4.06,4.11,3.65,3.89,3.7,3.82,4.02,4.02,4.49
420500,宜昌市,420500,2.5,2.54,2.69,2.95,3.05,3.18,2.88,2.26,2.79,3.45,4.49,5.19,5.73,5.65,6.0,5.78,5.7,4.81,4.73,5.07,5.52,5.27,5.87,5.97,5.71,5.94,5.91,5.68,4.64,5.35,5.1,6.02,5.89,5.96,6.36,5.54,5.62,5.91,6.29,5.81,5.53,6.24,5.91,5.87,5.76
420600,襄阳市,420600,3.58,3.63,3.81,4.08,4.44,4.5,4.24,3.2,3.41,3.53,3.45,3.71,3.33,3.68,3.21,3.73,4.14,2.65,3.1,3.48,3.56,3.57,3.59,3.99,4.4,3.74,3.76,3.83,3.53,3.68,3.72,3.8,3.94,3.62,3.82,4.06,3.42,3.18,3.45,3.74,3.47,3.52,3.58,3.64,3.42
420700,鄂州市,420700,4.23,4.39,3.91,3.53,3.28,3.28,3.59,3.99,4.17,4.68,4.6,5.03,5.27,5.54,5.89,6.2,4.99,7.84,6.99,6.21,5.7,6.25,5.81,5.17,5.51,4.83,5.23,5.77,4.73,5.01,4.46,4.38,4.72,4.55,5.23,5.35,5.21,4.77,4.32,4.06,4.34,4.47,4.35,4.81,4.09
420800,荆门市,420800,2.75,2.96,3.31,3.59,3.76,4.19,4.07,3.43,3.32,3.17,2.98,2.89,2.74,3.0,3.09,2.39,3.47,1.67,2.27,2.49,2.49,2.52,2.55,2.77,2.51,2.83,2.57,2.79,2.84,2.76,2.92,2.89,2.63,2.89,2.81,2.96,2.9,3.18,2.51,3.01,2.58,2.89,2.57,3.05,2.95
420900,孝感市,420900,12.56,13.14,14.47,14.24,13.87,14.56,16.91,17.67,17.01,16.47,16.77,16.34,17.0,16.36,16.55,17.52,15.09,20.21,19.55,18.42,17.75,15.95,16.29,16.65,17.16,16.04,16.21,15.34,15.75,16.76,16.43,15.33,16.67,16.89,16.16,17.06,15.71,17.07,17.13,15.1,18.03,16.4,16.84,16.33,16.18
421000,荆州市,421000,5.93,6.29,6.93,7.29,7.17,7.65,7.31,6.04,5.87,6.11,6.5,7.35,7.11,7.19,6.54,6.65,8.73,5.13,5.59,6.68,6.19,6.95,7.57,6.97,6.91,7.6,6.83,6.33,6.39,6.26,7.75,8.04,7.18,7.07,7.47,7.28,7.63,6.67,7.36,7.15,7.05,6.93,6.74,7.19,7.02
421100,黄冈市,421100,14.21,14.87,12.28,12.45,13.5,14.08,14.12,14.58,15.93,16.56,18.07,20.63,21.65,22.7,22.48,21.89,21.04,23.42,23.86,23.81,23.45,23.24,22.82,23.27,21.58,22.7,23.47,22.36,22.42,25.57,21.95,21.75,22.11,21.05,21.48,21.29,21.03,20.34,20.37,20.88,20.96,21.42,21.69,20.64,21.23
421200,咸宁市,421200,5.07,5.14,4.95,4.75,4.77,4.74,4.9,4.48,4.74,5.18,6.52,6.72,7.62,7.57,7.39,7.07,6.7,7.74,7.69,7.1,8.04,7.36,7.07,7.12,7.1,7.0,7.29,6.95,6.79,6.63,7.2,6.66,6.85,7.21,7.12,7.28,7.26,7.26,6.8,7.32,7.17,7.22,7.47,7.22,7.29
421300,随州市,421300,2.98,3.11,3.21,3.38,3.54,3.79,4.15,3.72,3.11,2.52,2.38,2.0,1.57,1.38,1.5,1.81,2.2,1.58,1.55,1.54,1.61,1.5,1.7,1.74,1.69,1.45,1.65,1.69,1.83,1.64,2.01,1.63,1.39,1.78,1.67,1.47,1.54,1.64,1.63,1.5,1.57,1.4,1.61,1.67,1.54
422800,恩施土家族苗族自治州,422800,1.74,1.8,1.74,1.87,1.83,1.76,1.54,1.6,2.39,2.99,4.43,5.48,6.42,6.58,6.43,6.51,7.1,4.82,5.52,6.27,6.32,6.85,6.77,6.56,6.17,7.45,6.46,6.22,5.58,5.7,6.21,6.88,6.55,7.31,6.52,6.03,6.86,6.64,6.12,6.9,6.99,6.81,6.55,7.11,6.62
430100,长沙市,430100,1.13,1.02,0.79,0.75,0.66,0.6,0.6,0.61,0.38,0.58,0.5,0.6,0.4,0.38,0.46,0.27,0.15,0.19,0.15,0.24,0.22,0.41,0.19,0.24,0.6,0.72,1.21,1.03,0.55,0.73,0.38,0.26,0.5,0.34,0.33,0.33,0.57,0.47,0.65,0.52,0.51,0.5,0.37,0.3,0.31
430200,株洲市,430200,0.19,0.21,0.18,0.17,0.18,0.17,0.15,0.17,0.23,0.28,0.2,0.25,0.24,0.35,0.39,0.28,0.21,0.35,0.38,0.25,0.26,0.33,0.37,0.21,0.2,0.28,0.24,0.23,0.18,0.31,0.24,0.23,0.36,0.43,0.28,0.27,0.29,0.44,0.5,0.4,0.31,0.22,0.36,0.43,0.32
430300,湘潭市,430300,0.13,0.13,0.14,0.12,0.15,0.12,0.12,0.11,0.0,0.0,0.0,0.06,0.0,0.0,0.06,0.0,0.02,0.03,0.0,0.03,0.03,0.03,0.41,0.1,0.1,0.08,0.03,0.12,0.2,0.15,0.05,0.02,0.0,0.03,0.02,0.0,0.02,0.0,0.07,0.09,0.07,0.0,0.05,0.06,0.03
430400,衡阳市,430400,0.25,0.25,0.25,0.27,0.25,0.24,0.22,0.23,0.18,0.1,0.1,0.05,0.0,0.06,0.06,0.09,0.04,0.07,0.08,0.02,0.05,0.03,0.01,0.07,0.08,0.04,0.02,0.06,0.06,0.02,0.04,0.02,0.05,0.1,0.07,0.06,0.11,0.05,0.1,0.12,0.09,0.06,0.12,0.12,0.09
430500,邵阳市,430500,0.2,0.22,0.22,0.22,0.23,0.2,0.19,0.22,0.16,0.08,0.1,0.09,0.02,0.06,0.0,0.05,0.0,0.06,0.02,0.04,0.02,0.03,0.0,0.0,0.0,0.0,0.02,0.0,0.02,0.03,0.0,0.0,0.0,0.02,0.0,0.06,0.0,0.0,0.0,0.0,0.0,0.0,0.0,0.0,0.0
430600,岳阳市,430600,0.5,0.54,0.52,0.47,0.56,0.58,0.54,0.51,0.35,0.51,0.54,0.38,0.33,0.35,0.17,0.3,0.18,0.35,0.37,0.18,0.22,0.39,0.2,0.39,0.4,0.34,0.36,0.23,0.37,0.32,0.28,0.52,0.42,0.38,0.27,0.28,0.5,0.52,0.57,0.4,0.49,0.5,0.56,0.48,0.9
430700,常德市,430700,0.29,0.37,0.4,0.38,0.41,0.4,0.39,0.33,0.23,0.2,0.12,0.07,0.06,0.02,0.04,0.06,0.03,0.06,0.06,0.03,0.02,0.03,0.06,0.11,0.03,0.02,0.03,0.09,0.05,0.02,0.05,0.05,0.03,0.03,0.04,0.0,0.07,0.05,0.03,0.06,0.02,0.02,0.05,0.08,0.04
430800,张家界市,430800,0.0,0.0,0.0,0.0,0.0,0.0,0.0,0.0,0.0,0.0,0.0,0.0,0.0,0.0,0.02,0.0,0.0,0.04,0.0,0.0,0.0,0.0,0.0,0.0,0.0,0.0,0.0,0.0,0.1,0.0,0.0,0.0,0.0,0.0,0.03,0.0,0.0,0.0,0.0,0.04,0.0,0.0,0.0,0.0,0.0
430900,益阳市,430900,0.16,0.21,0.18,0.2,0.21,0.24,0.25,0.28,0.18,0.17,0.12,0.04,0.0,0.01,0.04,0.02,0.0,0.03,0.02,0.0,0.0,0.0,0.03,0.02,0.02,0.01,0.02,0.0,0.04,0.0,0.03,0.0,0.05,0.0,0.02,0.02,0.0,0.0,0.1,0.02,0.0,0.02,0.0,0.0,0.02
431000,郴州市,431000,0.1,0.11,0.11,0.12,0.11,0.12,0.1,0.14,0.1,0.0,0.04,0.0,0.0,0.0,0.02,0.02,0.01,0.0,0.0,0.03,0.02,0.02,0.04,0.0,0.0,0.01,0.01,0.0,0.0,0.0,0.0,0.0,0.0,0.0,0.02,0.0,0.03,0.02,0.05,0.02,0.0,0.05,0.02,0.0,0.02
431100,永州市,431100,0.13,0.14,0.14,0.14,0.15,0.11,0.12,0.13,0.09,0.07,0.06,0.03,0.02,0.02,0.0,0.05,0.02,0.0,0.0,0.0,0.0,0.0,0.0,0.0,0.0,0.0,0.0,0.0,0.0,0.02,0.0,0.0,0.05,0.02,0.0,0.03,0.0,0.02,0.0,0.0,0.0,0.02,0.03,0.02,0.02
431200,怀化市,431200,0.12,0.11,0.1,0.13,0.11,0.11,0.08,0.09,0.07,0.06,0.0,0.0,0.04,0.03,0.02,0.0,0.0,0.0,0.02,0.02,0.02,0.0,0.03,0.0,0.0,0.03,0.0,0.0,0.0,0.06,0.0,0.03,0.05,0.03,0.0,0.03,0.0,0.0,0.0,0.04,0.03,0.0,0.03,0.03,0.0
431300,娄底市,431300,0.22,0.26,0.22,0.2,0.18,0.17,0.15,0.16,0.16,0.09,0.0,0.0,0.03,0.0,0.0,0.02,0.02,0.0,0.0,0.0,0.0,0.0,0.0,0.0,0.03,0.0,0.0,0.0,0.0,0.08,0.0,0.0,0.0,0.02,0.0,0.03,0.0,0.0,0.05,0.0,0.0,0.0,0.0,0.0,0.0
433100,湘西土家族苗族自治州,433100,0.0,0.0,0.0,0.0,0.0,0.0,0.0,0.0,0.0,0.06,0.0,0.0,0.0,0.05,0.04,0.0,0.02,0.03,0.04,0.0,0.04,0.03,0.03,0.02,0.02,0.0,0.03,0.02,0.0,0.0,0.03,0.02,0.11,0.02,0.0,0.02,0.02,0.03,0.03,0.07,0.0,0.0,0.02,0.08,0.0
440100,广州市,440100,0.46,0.39,0.44,0.4,0.41,0.37,0.36,0.55,0.68,0.63,0.66,0.46,0.23,0.26,0.27,0.15,0.1,0.15,0.16,0.12,0.15,0.16,0.09,0.19,0.12,0.04,0.13,0.06,0.14,0.3,0.13,0.2,0.2,0.28,0.14,0.1,0.15,0.17,0.42,0.2,0.32,0.14,0.25,0.26,0.17
440200,韶关市,440200,0.0,0.0,0.0,0.0,0.0,0.0,0.0,0.0,0.0,0.0,0.0,0.0,0.0,0.0,0.0,0.02,0.0,0.0,0.02,0.0,0.0,0.03,0.0,0.0,0.02,0.0,0.0,0.0,0.04,0.0,0.0,0.0,0.06,0.0,0.06,0.0,0.02,0.06,0.03,0.03,0.03,0.02,0.0,0.0,0.0
440300,深圳市,440300,0.48,0.41,0.43,0.4,0.39,0.35,0.37,0.8,0.9,1.39,0.95,0.52,0.55,0.19,0.21,0.23,0.16,0.35,0.31,0.32,0.16,0.17,0.1,0.27,0.27,0.27,0.17,0.21,0.23,0.17,0.29,0.33,0.23,0.2,0.19,0.26,0.24,0.26,0.36,0.4,0.34,0.23,0.25,0.21,0.29
440400,珠海市,440400,0.13,0.0,0.11,0.1,0.11,0.09,0.09,0.17,0.18,0.11,0.09,0.06,0.02,0.02,0.02,0.0,0.01,0.04,0.02,0.02,0.0,0.03,0.02,0.05,0.02,0.02,0.0,0.02,0.0,0.04,0.04,0.13,0.06,0.02,0.02,0.06,0.03,0.05,0.03,0.11,0.04,0.06,0.0,0.0,0.0
440500,汕头市,440500,0.0,0.0,0.0,0.0,0.0,0.0,0.0,0.0,0.0,0.0,0.0,0.0,0.0,0.0,0.06,0.02,0.0,0.06,0.0,0.0,0.0,0.0,0.0,0.0,0.0,0.0,0.07,0.0,0.03,0.0,0.0,0.02,0.0,0.0,0.02,0.08,0.0,0.0,0.0,0.0,0.0,0.0,0.0,0.0,0.0
440600,佛山市,440600,0.11,0.0,0.0,0.0,0.0,0.0,0.08,0.17,0.19,0.24,0.14,0.1,0.06,0.0,0.08,0.0,0.04,0.0,0.04,0.05,0.0,0.02,0.06,0.05,0.08,0.03,0.0,0.02,0.02,0.04,0.03,0.0,0.03,0.02,0.06,0.02,0.02,0.03,0.06,0.13,0.06,0.07,0.03,0.03,0.04
440700,江门市,440700,0.0,0.0,0.0,0.0,0.0,0.0,0.0,0.0,0.0,0.1,0.0,0.0,0.0,0.0,0.0,0.0,0.0,0.0,0.0,0.0,0.0,0.0,0.02,0.0,0.0,0.0,0.0,0.0,0.0,0.0,0.0,0.0,0.0,0.0,0.0,0.0,0.0,0.0,0.0,0.0,0.0,0.0,0.0,0.0,0.0
440800,湛江市,440800,0.0,0.0,0.0,0.0,0.08,0.08,0.0,0.08,0.08,0.0,0.0,0.0,0.0,0.0,0.04,0.0,0.0,0.03,0.0,0.02,0.0,0.0,0.0,0.0,0.0,0.0,0.03,0.0,0.0,0.04,0.02,0.03,0.07,0.02,0.02,0.0,0.0,0.03,0.03,0.06,0.0,0.0,0.03,0.0,0.0
440900,茂名市,440900,0.0,0.0,0.0,0.0,0.0,0.0,0.0,0.0,0.0,0.0,0.0,0.0,0.02,0.02,0.05,0.02,0.0,0.07,0.04,0.08,0.02,0.03,0.02,0.0,0.03,0.04,0.0,0.0,0.06,0.02,0.0,0.02,0.06,0.05,0.03,0.02,0.02,0.05,0.03,0.04,0.02,0.03,0.03,0.03,0.04
441200,肇庆市,441200,0.0,0.0,0.0,0.0,0.0,0.0,0.0,0.0,0.0,0.0,0.0,0.0,0.0,0.0,0.0,0.0,0.0,0.0,0.0,0.0,0.0,0.0,0.0,0.0,0.0,0.01,0.0,0.0,0.0,0.0,0.0,0.0,0.0,0.0,0.0,0.0,0.0,0.0,0.0,0.02,0.0,0.0,0.0,0.0,0.0
441300,惠州市,441300,0.0,0.0,0.0,0.0,0.09,0.11,0.11,0.24,0.22,0.16,0.16,0.06,0.03,0.11,0.09,0.05,0.02,0.0,0.05,0.0,0.0,0.03,0.03,0.04,0.09,0.0,0.06,0.09,0.05,0.0,0.02,0.0,0.02,0.0,0.0,0.0,0.02,0.11,0.06,0.07,0.0,0.07,0.05,0.0,0.03
441400,梅州市,441400,0.0,0.0,0.0,0.0,0.0,0.0,0.0,0.0,0.0,0.0,0.0,0.0,0.0,0.0,0.0,0.0,0.0,0.0,0.0,0.0,0.0,0.0,0.0,0.0,0.0,0.0,0.0,0.0,0.0,0.0,0.02,0.0,0.0,0.0,0.0,0.0,0.0,0.0,0.0,0.0,0.0,0.0,0.0,0.0,0.0
441500,汕尾市,441500,0.0,0.0,0.0,0.0,0.0,0.0,0.0,0.0,0.0,0.0,0.0,0.0,0.02,0.0,0.0,0.0,0.0,0.0,0.0,0.0,0.0,0.0,0.0,0.0,0.0,0.0,0.0,0.0,0.0,0.0,0.0,0.0,0.0,0.0,0.0,0.0,0.0,0.0,0.0,0.0,0.0,0.0,0.0,0.0,0.0
441600,河源市,441600,0.0,0.0,0.0,0.0,0.0,0.0,0.0,0.0,0.0,0.0,0.0,0.0,0.0,0.0,0.0,0.0,0.0,0.0,0.0,0.0,0.0,0.0,0.0,0.0,0.0,0.0,0.0,0.0,0.0,0.0,0.0,0.0,0.0,0.0,0.0,0.0,0.0,0.0,0.0,0.0,0.0,0.0,0.0,0.0,0.0
441700,阳江市,441700,0.0,0.0,0.0,0.0,0.0,0.0,0.0,0.0,0.0,0.0,0.0,0.0,0.0,0.0,0.0,0.0,0.0,0.0,0.0,0.0,0.0,0.0,0.0,0.0,0.0,0.0,0.0,0.0,0.0,0.0,0.0,0.0,0.0,0.0,0.0,0.0,0.0,0.0,0.03,0.0,0.0,0.03,0.0,0.0,0.0
441800,清远市,441800,0.0,0.0,0.0,0.0,0.0,0.0,0.0,0.0,0.0,0.06,0.0,0.0,0.0,0.0,0.0,0.0,0.0,0.0,0.0,0.0,0.0,0.0,0.03,0.04,0.0,0.03,0.0,0.0,0.0,0.04,0.02,0.0,0.02,0.0,0.0,0.05,0.0,0.02,0.05,0.03,0.0,0.03,0.0,0.0,0.0
441900,东莞市,441900,0.12,0.11,0.11,0.09,0.08,0.09,0.11,0.23,0.33,0.52,0.29,0.24,0.26,0.13,0.1,0.05,0.09,0.18,0.13,0.02,0.08,0.09,0.13,0.02,0.07,0.07,0.07,0.07,0.12,0.1,0.08,0.03,0.13,0.06,0.12,0.13,0.17,0.26,0.16,0.27,0.16,0.14,0.16,0.21,0.08
442000,中山市,442000,0.0,0.0,0.0,0.0,0.0,0.0,0.0,0.13,0.12,0.13,0.0,0.04,0.0,0.0,0.0,0.04,0.01,0.03,0.0,0.03,0.0,0.0,0.04,0.02,0.03,0.02,0.02,0.0,0.0,0.0,0.03,0.02,0.02,0.0,0.0,0.02,0.03,0.03,0.11,0.07,0.0,0.0,0.0,0.0,0.0
445100,潮州市,445100,0.0,0.0,0.0,0.0,0.0,0.0,0.0,0.0,0.0,0.0,0.0,0.0,0.0,0.0,0.06,0.01,0.0,0.0,0.0,0.0,0.0,0.0,0.01,0.0,0.0,0.0,0.0,0.0,0.0,0.0,0.0,0.0,0.0,0.0,0.0,0.0,0.0,0.0,0.0,0.0,0.0,0.0,0.0,0.0,0.0
445200,揭阳市,445200,0.0,0.0,0.0,0.0,0.0,0.0,0.0,0.0,0.0,0.0,0.0,0.0,0.0,0.0,0.0,0.0,0.0,0.0,0.0,0.0,0.0,0.0,0.0,0.02,0.0,0.0,0.0,0.0,0.0,0.0,0.0,0.0,0.0,0.0,0.0,0.0,0.0,0.0,0.0,0.0,0.0,0.0,0.0,0.0,0.0
445300,云浮市,445300,0.0,0.0,0.0,0.0,0.0,0.0,0.0,0.0,0.0,0.0,0.0,0.0,0.0,0.0,0.0,0.0,0.0,0.0,0.0,0.0,0.0,0.0,0.0,0.0,0.0,0.0,0.0,0.0,0.0,0.0,0.0,0.0,0.0,0.0,0.0,0.0,0.0,0.0,0.0,0.0,0.0,0.0,0.0,0.0,0.0
450100,南宁市,450100,0.2,0.13,0.16,0.15,0.11,0.11,0.1,0.09,0.14,0.0,0.0,0.05,0.0,0.0,0.02,0.0,0.01,0.06,0.04,0.04,0.07,0.03,0.02,0.0,0.02,0.07,0.0,0.04,0.0,0.06,0.08,0.0,0.03,0.0,0.0,0.0,0.02,0.0,0.07,0.03,0.0,0.0,0.02,0.03,0.0
450200,柳州市,450200,0.0,0.0,0.0,0.0,0.0,0.0,0.0,0.0,0.0,0.06,0.07,0.0,0.0,0.0,0.0,0.0,0.0,0.0,0.0,0.0,0.0,0.0,0.0,0.03,0.0,0.0,0.0,0.0,0.0,0.0,0.02,0.0,0.0,0.0,0.03,0.0,0.0,0.02,0.0,0.04,0.0,0.0,0.06,0.0,0.0
450300,桂林市,450300,0.11,0.1,0.14,0.14,0.13,0.11,0.09,0.12,0.11,0.0,0.0,0.0,0.0,0.0,0.0,0.0,0.01,0.04,0.0,0.0,0.0,0.02,0.0,0.02,0.04,0.0,0.05,0.04,0.0,0.05,0.0,0.03,0.12,0.03,0.11,0.03,0.02,0.07,0.08,0.03,0.07,0.03,0.08,0.04,0.02
450400,梧州市,450400,0.0,0.0,0.0,0.0,0.0,0.0,0.0,0.0,0.0,0.0,0.0,0.0,0.0,0.0,0.0,0.0,0.0,0.04,0.0,0.0,0.0,0.0,0.0,0.0,0.0,0.0,0.04,0.0,0.0,0.0,0.0,0.02,0.02,0.0,0.0,0.02,0.0,0.0,0.0,0.0,0.0,0.0,0.0,0.0,0.0
450500,北海市,450500,0.0,0.0,0.13,0.13,0.08,0.09,0.08,0.14,0.15,0.09,0.06,0.0,0.0,0.0,0.0,0.0,0.0,0.0,0.0,0.0,0.0,0.0,0.0,0.0,0.0,0.0,0.0,0.0,0.0,0.0,0.0,0.0,0.0,0.0,0.0,0.0,0.0,0.0,0.0,0.0,0.0,0.0,0.0,0.0,0.0
450600,防城港市,450600,0.0,0.0,0.0,0.0,0.0,0.0,0.0,0.0,0.0,0.0,0.0,0.0,0.0,0.02,0.0,0.0,0.01,0.0,0.0,0.0,0.0,0.0,0.0,0.0,0.0,0.0,0.0,0.0,0.0,0.0,0.0,0.0,0.0,0.0,0.0,0.0,0.06,0.0,0.0,0.0,0.0,0.0,0.0,0.0,0.0
450700,钦州市,450700,0.0,0.0,0.0,0.0,0.0,0.0,0.0,0.0,0.0,0.0,0.0,0.0,0.0,0.0,0.0,0.02,0.0,0.0,0.0,0.0,0.0,0.0,0.0,0.0,0.0,0.01,0.0,0.0,0.0,0.0,0.0,0.0,0.0,0.0,0.0,0.0,0.0,0.0,0.0,0.0,0.0,0.0,0.0,0.0,0.0
450800,贵港市,450800,0.0,0.0,0.0,0.0,0.0,0.0,0.0,0.0,0.0,0.0,0.0,0.0,0.0,0.0,0.0,0.0,0.0,0.0,0.0,0.0,0.0,0.02,0.02,0.0,0.0,0.0,0.0,0.0,0.0,0.0,0.0,0.0,0.0,0.0,0.0,0.0,0.02,0.0,0.0,0.0,0.0,0.0,0.0,0.0,0.0
450900,玉林市,450900,0.0,0.0,0.0,0.0,0.0,0.0,0.0,0.0,0.0,0.0,0.07,0.0,0.0,0.0,0.0,0.0,0.0,0.0,0.0,0.0,0.0,0.02,0.0,0.02,0.0,0.0,0.0,0.0,0.0,0.0,0.0,0.0,0.03,0.0,0.0,0.02,0.0,0.0,0.0,0.0,0.0,0.0,0.0,0.0,0.0
451000,百色市,451000,0.0,0.0,0.0,0.0,0.0,0.0,0.0,0.0,0.0,0.0,0.0,0.0,0.0,0.0,0.0,0.0,0.0,0.0,0.0,0.0,0.0,0.0,0.0,0.0,0.0,0.0,0.0,0.0,0.0,0.0,0.0,0.0,0.0,0.0,0.0,0.0,0.0,0.0,0.0,0.0,0.0,0.0,0.0,0.0,0.0
451100,贺州市,451100,0.0,0.0,0.0,0.0,0.0,0.0,0.0,0.0,0.0,0.0,0.0,0.0,0.0,0.0,0.0,0.0,0.0,0.0,0.0,0.0,0.0,0.0,0.0,0.0,0.0,0.0,0.0,0.0,0.0,0.0,0.0,0.0,0.0,0.02,0.0,0.0,0.0,0.0,0.0,0.0,0.0,0.0,0.0,0.0,0.0
451200,河池市,451200,0.0,0.0,0.0,0.0,0.0,0.0,0.0,0.0,0.0,0.0,0.0,0.0,0.0,0.0,0.0,0.0,0.0,0.0,0.0,0.0,0.0,0.0,0.0,0.0,0.0,0.0,0.0,0.0,0.0,0.0,0.0,0.0,0.0,0.0,0.02,0.0,0.0,0.0,0.03,0.04,0.0,0.0,0.0,0.0,0.0
451300,来宾市,451300,0.0,0.0,0.0,0.0,0.0,0.0,0.0,0.0,0.0,0.0,0.0,0.0,0.0,0.0,0.0,0.0,0.0,0.0,0.0,0.0,0.0,0.0,0.0,0.0,0.0,0.0,0.0,0.0,0.0,0.03,0.0,0.0,0.0,0.0,0.0,0.0,0.0,0.0,0.0,0.0,0.0,0.0,0.0,0.0,0.0
451400,崇左市,451400,0.0,0.0,0.0,0.0,0.0,0.0,0.0,0.0,0.0,0.0,0.0,0.0,0.0,0.0,0.0,0.0,0.0,0.0,0.0,0.0,0.0,0.02,0.0,0.0,0.0,0.0,0.0,0.0,0.0,0.0,0.0,0.0,0.0,0.0,0.0,0.0,0.0,0.0,0.0,0.0,0.0,0.0,0.0,0.0,0.0
460100,海口市,460100,0.11,0.1,0.1,0.09,0.09,0.09,0.07,0.1,0.14,0.08,0.09,0.07,0.0,0.0,0.0,0.02,0.0,0.0,0.0,0.02,0.0,0.0,0.0,0.02,0.0,0.0,0.0,0.0,0.0,0.0,0.0,0.0,0.0,0.0,0.0,0.0,0.03,0.0,0.0,0.0,0.0,0.0,0.0,0.0,0.0
460200,三亚市,460200,0.13,0.12,0.14,0.14,0.13,0.11,0.12,0.15,0.18,0.19,0.07,0.04,0.03,0.0,0.0,0.0,0.0,0.0,0.0,0.0,0.0,0.0,0.0,0.0,0.0,0.0,0.0,0.0,0.0,0.0,0.0,0.0,0.0,0.0,0.0,0.0,0.0,0.0,0.0,0.0,0.0,0.0,0.0,0.0,0.0
460300,三沙市,460300,0.0,0.0,0.0,0.0,0.0,0.0,0.0,0.0,0.0,0.0,0.0,0.0,0.0,0.0,0.0,0.0,0.0,0.0,0.0,0.0,0.0,0.0,0.0,0.0,0.0,0.0,0.0,0.0,0.0,0.0,0.0,0.0,0.0,0.0,0.0,0.0,0.0,0.0,0.0,0.0,0.0,0.0,0.0,0.0,0.0
460400,儋州市,460400,0.0,0.0,0.0,0.0,0.0,0.0,0.0,0.0,0.0,0.0,0.0,0.0,0.0,0.0,0.0,0.0,0.0,0.0,0.0,0.0,0.0,0.0,0.0,0.0,0.0,0.0,0.0,0.0,0.0,0.0,0.0,0.0,0.0,0.0,0.0,0.0,0.0,0.0,0.0,0.0,0.0,0.0,0.0,0.0,0.0
500000,重庆市,500000,1.32,1.27,1.29,1.27,1.25,1.04,1.0,1.29,0.92,0.64,0.54,0.39,0.32,0.23,0.28,0.17,0.23,0.21,0.23,0.2,0.26,0.19,0.2,0.24,0.2,0.24,0.26,0.28,0.39,0.28,0.25,0.34,0.2,0.26,0.21,0.21,0.35,0.3,0.32,0.22,0.26,0.22,0.28,0.22,0.26
510100,成都市,510100,0.5,0.46,0.45,0.37,0.33,0.29,0.21,0.25,0.26,0.29,0.16,0.13,0.03,0.13,0.09,0.06,0.01,0.09,0.04,0.03,0.05,0.11,0.05,0.04,0.03,0.08,0.05,0.06,0.07,0.1,0.17,0.12,0.07,0.05,0.02,0.1,0.1,0.26,0.06,0.11,0.09,0.1,0.06,0.08,0.13
510300,自贡市,510300,0.0,0.0,0.0,0.0,0.0,0.0,0.0,0.0,0.0,0.0,0.0,0.0,0.02,0.0,0.0,0.0,0.0,0.0,0.0,0.0,0.0,0.0,0.0,0.0,0.0,0.0,0.0,0.0,0.0,0.0,0.0,0.0,0.0,0.0,0.0,0.0,0.0,0.0,0.0,0.0,0.0,0.0,0.0,0.0,0.0
510400,攀枝花市,510400,0.0,0.0,0.0,0.0,0.0,0.0,0.0,0.0,0.0,0.0,0.0,0.0,0.0,0.0,0.0,0.0,0.0,0.0,0.0,0.0,0.0,0.0,0.0,0.0,0.0,0.0,0.0,0.0,0.0,0.0,0.0,0.0,0.0,0.0,0.0,0.0,0.0,0.0,0.0,0.0,0.0,0.0,0.0,0.0,0.0
510500,泸州市,510500,0.0,0.0,0.0,0.0,0.0,0.0,0.0,0.0,0.0,0.0,0.0,0.0,0.0,0.0,0.0,0.0,0.0,0.0,0.02,0.0,0.0,0.0,0.0,0.0,0.0,0.0,0.0,0.0,0.0,0.0,0.0,0.0,0.0,0.02,0.0,0.0,0.0,0.0,0.0,0.0,0.02,0.0,0.0,0.0,0.0
510600,德阳市,510600,0.0,0.0,0.0,0.0,0.0,0.0,0.0,0.0,0.0,0.0,0.0,0.0,0.0,0.0,0.0,0.0,0.0,0.09,0.02,0.0,0.0,0.0,0.0,0.0,0.02,0.0,0.0,0.0,0.0,0.0,0.0,0.0,0.0,0.0,0.0,0.0,0.0,0.0,0.0,0.0,0.0,0.0,0.0,0.0,0.0
510700,绵阳市,510700,0.0,0.0,0.0,0.0,0.0,0.0,0.0,0.0,0.0,0.0,0.0,0.0,0.0,0.0,0.0,0.0,0.01,0.0,0.02,0.0,0.0,0.0,0.0,0.0,0.0,0.0,0.0,0.0,0.07,0.0,0.0,0.0,0.0,0.0,0.0,0.0,0.0,0.0,0.0,0.0,0.0,0.0,0.0,0.0,0.0
510800,广元市,510800,0.0,0.0,0.0,0.0,0.0,0.0,0.0,0.0,0.0,0.0,0.0,0.0,0.0,0.0,0.0,0.0,0.0,0.0,0.0,0.0,0.0,0.0,0.0,0.02,0.0,0.0,0.0,0.0,0.03,0.0,0.0,0.02,0.0,0.0,0.0,0.0,0.0,0.0,0.0,0.0,0.0,0.0,0.0,0.0,0.0
510900,遂宁市,510900,0.0,0.0,0.0,0.0,0.0,0.0,0.0,0.0,0.0,0.0,0.0,0.0,0.0,0.0,0.0,0.0,0.0,0.0,0.0,0.0,0.0,0.0,0.0,0.0,0.0,0.0,0.0,0.03,0.06,0.0,0.0,0.0,0.03,0.0,0.0,0.0,0.0,0.0,0.0,0.0,0.0,0.0,0.0,0.0,0.0
511000,内江市,511000,0.0,0.0,0.0,0.0,0.0,0.0,0.0,0.0,0.0,0.0,0.0,0.0,0.02,0.0,0.0,0.02,0.0,0.0,0.02,0.0,0.0,0.0,0.0,0.0,0.0,0.01,0.0,0.0,0.0,0.0,0.02,0.0,0.0,0.0,0.0,0.0,0.0,0.0,0.0,0.0,0.0,0.0,0.0,0.0,0.0
511100,乐山市,511100,0.0,0.0,0.0,0.0,0.0,0.0,0.0,0.0,0.0,0.0,0.0,0.0,0.0,0.0,0.02,0.0,0.0,0.0,0.0,0.0,0.0,0.0,0.0,0.0,0.0,0.0,0.02,0.0,0.0,0.0,0.0,0.0,0.0,0.0,0.0,0.0,0.0,0.0,0.05,0.0,0.0,0.0,0.0,0.0,0.0
511300,南充市,511300,0.0,0.0,0.11,0.1,0.1,0.07,0.07,0.12,0.1,0.09,0.04,0.0,0.0,0.0,0.02,0.0,0.0,0.0,0.02,0.0,0.0,0.02,0.01,0.0,0.03,0.0,0.0,0.0,0.0,0.03,0.0,0.02,0.0,0.0,0.0,0.0,0.0,0.0,0.0,0.0,0.02,0.0,0.0,0.02,0.0
511400,眉山市,511400,0.0,0.0,0.0,0.0,0.0,0.0,0.0,0.0,0.0,0.0,0.0,0.0,0.0,0.0,0.0,0.0,0.0,0.0,0.0,0.0,0.0,0.0,0.0,0.0,0.0,0.0,0.0,0.02,0.0,0.0,0.0,0.0,0.0,0.0,0.0,0.0,0.0,0.0,0.0,0.0,0.0,0.0,0.0,0.0,0.0
511500,宜宾市,511500,0.0,0.0,0.0,0.0,0.0,0.0,0.0,0.0,0.0,0.0,0.0,0.0,0.0,0.03,0.0,0.01,0.0,0.0,0.0,0.0,0.0,0.0,0.0,0.0,0.0,0.0,0.0,0.0,0.0,0.0,0.0,0.02,0.0,0.0,0.0,0.0,0.0,0.0,0.0,0.0,0.0,0.0,0.0,0.0,0.0
511600,广安市,511600,0.0,0.0,0.0,0.0,0.0,0.0,0.0,0.12,0.13,0.0,0.04,0.0,0.03,0.0,0.0,0.0,0.0,0.0,0.02,0.0,0.0,0.0,0.0,0.0,0.05,0.0,0.0,0.0,0.03,0.08,0.0,0.0,0.0,0.0,0.02,0.0,0.0,0.0,0.0,0.0,0.0,0.0,0.0,0.0,0.0
511700,达州市,511700,0.12,0.11,0.14,0.12,0.13,0.1,0.09,0.14,0.11,0.09,0.06,0.06,0.0,0.0,0.04,0.01,0.01,0.04,0.0,0.0,0.01,0.0,0.01,0.02,0.05,0.01,0.0,0.0,0.0,0.0,0.0,0.0,0.0,0.0,0.0,0.02,0.0,0.0,0.0,0.0,0.02,0.02,0.0,0.0,0.0
511800,雅安市,511800,0.0,0.0,0.0,0.0,0.0,0.0,0.0,0.0,0.0,0.0,0.0,0.0,0.0,0.0,0.0,0.0,0.0,0.0,0.0,0.0,0.0,0.0,0.0,0.0,0.0,0.0,0.0,0.0,0.0,0.0,0.0,0.0,0.0,0.0,0.0,0.0,0.0,0.0,0.0,0.0,0.0,0.0,0.0,0.0,0.0
511900,巴中市,511900,0.0,0.0,0.0,0.0,0.0,0.0,0.0,0.0,0.0,0.0,0.0,0.0,0.0,0.0,0.0,0.0,0.0,0.0,0.02,0.0,0.0,0.0,0.0,0.02,0.0,0.0,0.0,0.0,0.0,0.0,0.0,0.0,0.0,0.0,0.0,0.02,0.0,0.0,0.0,0.0,0.0,0.0,0.0,0.0,0.0
512000,资阳市,512000,0.0,0.0,0.0,0.0,0.0,0.0,0.0,0.0,0.0,0.0,0.0,0.0,0.0,0.0,0.0,0.0,0.0,0.0,0.0,0.0,0.0,0.0,0.0,0.0,0.0,0.0,0.0,0.12,0.04,0.03,0.0,0.0,0.0,0.0,0.0,0.0,0.0,0.0,0.0,0.0,0.0,0.0,0.0,0.0,0.0
513200,阿坝藏族羌族自治州,513200,0.0,0.0,0.0,0.0,0.0,0.0,0.0,0.0,0.0,0.0,0.0,0.0,0.0,0.0,0.0,0.0,0.0,0.0,0.0,0.0,0.0,0.0,0.0,0.0,0.0,0.0,0.0,0.0,0.0,0.0,0.0,0.0,0.0,0.0,0.0,0.0,0.0,0.0,0.0,0.0,0.0,0.0,0.0,0.0,0.0
513300,甘孜藏族自治州,513300,0.0,0.0,0.0,0.0,0.0,0.0,0.0,0.0,0.0,0.0,0.0,0.0,0.0,0.0,0.0,0.0,0.0,0.0,0.0,0.0,0.0,0.0,0.0,0.0,0.0,0.0,0.0,0.0,0.0,0.0,0.0,0.0,0.0,0.0,0.0,0.0,0.0,0.0,0.0,0.0,0.0,0.0,0.0,0.0,0.0
513400,凉山彝族自治州,513400,0.0,0.0,0.0,0.0,0.0,0.0,0.0,0.0,0.0,0.0,0.0,0.0,0.0,0.0,0.0,0.0,0.0,0.0,0.0,0.0,0.0,0.0,0.0,0.0,0.0,0.0,0.0,0.0,0.0,0.0,0.0,0.0,0.0,0.0,0.0,0.0,0.0,0.0,0.0,0.0,0.0,0.0,0.0,0.0,0.0
520100,贵阳市,520100,0.11,0.11,0.0,0.0,0.0,0.0,0.0,0.08,0.12,0.06,0.06,0.0,0.02,0.02,0.0,0.0,0.0,0.0,0.04,0.0,0.0,0.0,0.0,0.0,0.0,0.03,0.0,0.03,0.0,0.0,0.05,0.05,0.0,0.0,0.04,0.0,0.02,0.05,0.0,0.0,0.04,0.0,0.0,0.04,0.0
520200,六盘水市,520200,0.0,0.0,0.0,0.0,0.0,0.0,0.0,0.0,0.0,0.0,0.0,0.0,0.0,0.0,0.0,0.0,0.0,0.0,0.0,0.02,0.0,0.0,0.0,0.0,0.0,0.0,0.0,0.0,0.0,0.0,0.0,0.0,0.0,0.0,0.0,0.0,0.0,0.0,0.0,0.0,0.0,0.0,0.0,0.0,0.0
520300,遵义市,520300,0.0,0.0,0.0,0.0,0.0,0.0,0.0,0.0,0.0,0.0,0.04,0.0,0.0,0.0,0.0,0.0,0.0,0.0,0.02,0.0,0.0,0.0,0.04,0.03,0.0,0.0,0.0,0.03,0.02,0.0,0.0,0.02,0.0,0.02,0.0,0.0,0.0,0.0,0.0,0.03,0.0,0.0,0.0,0.0,0.0
520400,安顺市,520400,0.0,0.0,0.0,0.0,0.0,0.0,0.0,0.0,0.0,0.0,0.0,0.0,0.0,0.0,0.0,0.0,0.0,0.0,0.0,0.0,0.0,0.0,0.0,0.02,0.0,0.0,0.0,0.0,0.0,0.0,0.0,0.0,0.0,0.0,0.0,0.0,0.0,0.0,0.0,0.0,0.0,0.0,0.0,0.0,0.0
520500,毕节市,520500,0.0,0.0,0.0,0.0,0.0,0.0,0.0,0.0,0.0,0.0,0.04,0.0,0.0,0.0,0.0,0.0,0.02,0.0,0.0,0.0,0.01,0.0,0.01,0.0,0.0,0.0,0.0,0.02,0.0,0.0,0.0,0.02,0.0,0.0,0.0,0.0,0.0,0.0,0.0,0.0,0.02,0.0,0.02,0.0,0.02
520600,铜仁市,520600,0.0,0.0,0.0,0.0,0.0,0.0,0.0,0.0,0.0,0.0,0.0,0.0,0.0,0.03,0.0,0.0,0.0,0.0,0.0,0.04,0.02,0.03,0.0,0.02,0.0,0.0,0.04,0.0,0.0,0.0,0.3,0.0,0.0,0.03,0.04,0.0,0.03,0.0,0.03,0.0,0.06,0.0,0.0,0.0,0.0
522300,黔西南布依族苗族自治州,522300,0.0,0.0,0.0,0.0,0.0,0.0,0.0,0.0,0.0,0.0,0.0,0.0,0.0,0.0,0.02,0.0,0.0,0.0,0.0,0.0,0.02,0.0,0.0,0.0,0.0,0.0,0.0,0.0,0.0,0.0,0.0,0.02,0.0,0.0,0.0,0.0,0.0,0.0,0.0,0.0,0.0,0.0,0.0,0.0,0.0
522600,黔东南苗族侗族自治州,522600,0.0,0.0,0.0,0.0,0.0,0.0,0.0,0.0,0.0,0.0,0.0,0.0,0.0,0.0,0.0,0.0,0.0,0.0,0.0,0.02,0.0,0.0,0.0,0.0,0.0,0.0,0.0,0.0,0.0,0.0,0.0,0.0,0.0,0.0,0.0,0.0,0.0,0.0,0.03,0.0,0.0,0.0,0.0,0.0,0.0
522700,黔南布依族苗族自治州,522700,0.0,0.0,0.0,0.0,0.0,0.0,0.0,0.0,0.0,0.0,0.0,0.0,0.0,0.0,0.0,0.0,0.0,0.0,0.0,0.0,0.0,0.0,0.02,0.0,0.0,0.0,0.02,0.0,0.0,0.0,0.0,0.0,0.0,0.0,0.0,0.0,0.0,0.0,0.0,0.0,0.0,0.03,0.02,0.0,0.0
530100,昆明市,530100,0.21,0.2,0.22,0.19,0.19,0.17,0.14,0.14,0.21,0.36,0.17,0.11,0.08,0.0,0.0,0.0,0.02,0.04,0.04,0.0,0.0,0.0,0.02,0.0,0.0,0.0,0.0,0.0,0.0,0.0,0.02,0.02,0.0,0.0,0.0,0.02,0.02,0.05,0.1,0.0,0.0,0.0,0.05,0.03,0.0
530300,曲靖市,530300,0.0,0.0,0.0,0.0,0.0,0.0,0.0,0.0,0.0,0.0,0.0,0.0,0.0,0.0,0.0,0.02,0.0,0.0,0.0,0.03,0.0,0.0,0.0,0.0,0.0,0.0,0.0,0.0,0.0,0.0,0.0,0.04,0.0,0.0,0.0,0.02,0.0,0.0,0.0,0.0,0.0,0.0,0.0,0.0,0.0
530400,玉溪市,530400,0.0,0.0,0.0,0.0,0.0,0.0,0.0,0.0,0.0,0.0,0.0,0.0,0.0,0.0,0.0,0.0,0.0,0.0,0.0,0.0,0.0,0.0,0.0,0.0,0.0,0.0,0.0,0.0,0.0,0.0,0.0,0.0,0.0,0.0,0.0,0.0,0.0,0.0,0.0,0.0,0.0,0.0,0.0,0.0,0.0
530500,保山市,530500,0.0,0.0,0.0,0.0,0.0,0.0,0.0,0.0,0.0,0.0,0.0,0.0,0.0,0.0,0.0,0.0,0.0,0.0,0.0,0.0,0.0,0.0,0.0,0.0,0.0,0.0,0.0,0.0,0.0,0.0,0.0,0.0,0.0,0.0,0.0,0.0,0.0,0.0,0.0,0.0,0.0,0.0,0.0,0.0,0.0
530600,昭通市,530600,0.0,0.0,0.0,0.0,0.0,0.0,0.0,0.0,0.0,0.0,0.0,0.0,0.0,0.0,0.0,0.0,0.0,0.0,0.02,0.0,0.0,0.0,0.0,0.0,0.0,0.0,0.0,0.0,0.0,0.0,0.0,0.0,0.0,0.0,0.0,0.0,0.0,0.0,0.0,0.0,0.0,0.0,0.0,0.0,0.0
530700,丽江市,530700,0.0,0.0,0.0,0.0,0.0,0.0,0.0,0.0,0.0,0.0,0.0,0.0,0.0,0.0,0.0,0.0,0.0,0.0,0.0,0.0,0.0,0.0,0.0,0.0,0.0,0.0,0.0,0.0,0.0,0.0,0.0,0.0,0.0,0.0,0.0,0.0,0.0,0.0,0.0,0.0,0.0,0.0,0.0,0.0,0.0
530800,普洱市,530800,0.0,0.0,0.0,0.0,0.0,0.0,0.0,0.0,0.0,0.0,0.0,0.0,0.0,0.0,0.0,0.0,0.0,0.0,0.0,0.0,0.0,0.0,0.0,0.0,0.0,0.0,0.0,0.0,0.0,0.0,0.0,0.0,0.0,0.0,0.0,0.0,0.0,0.0,0.0,0.0,0.0,0.0,0.0,0.0,0.0
530900,临沧市,530900,0.0,0.0,0.0,0.0,0.0,0.0,0.0,0.0,0.0,0.0,0.0,0.0,0.0,0.0,0.0,0.0,0.0,0.0,0.0,0.0,0.0,0.0,0.0,0.0,0.0,0.0,0.0,0.0,0.0,0.0,0.0,0.0,0.0,0.0,0.0,0.0,0.0,0.0,0.0,0.0,0.0,0.0,0.0,0.0,0.0
532300,楚雄彝族自治州,532300,0.0,0.0,0.0,0.0,0.0,0.0,0.0,0.0,0.0,0.0,0.0,0.0,0.0,0.0,0.0,0.0,0.0,0.03,0.0,0.02,0.0,0.0,0.0,0.0,0.0,0.0,0.0,0.0,0.0,0.0,0.0,0.0,0.0,0.0,0.02,0.0,0.0,0.0,0.0,0.0,0.0,0.0,0.0,0.03,0.0
532500,红河哈尼族彝族自治州,532500,0.0,0.0,0.0,0.0,0.0,0.0,0.0,0.0,0.0,0.0,0.0,0.0,0.0,0.0,0.02,0.0,0.0,0.0,0.0,0.0,0.0,0.0,0.0,0.0,0.0,0.0,0.0,0.0,0.0,0.0,0.0,0.0,0.0,0.02,0.0,0.0,0.0,0.0,0.0,0.0,0.0,0.0,0.0,0.0,0.0
532600,文山壮族苗族自治州,532600,0.0,0.0,0.0,0.0,0.0,0.0,0.0,0.0,0.0,0.0,0.0,0.0,0.0,0.0,0.0,0.01,0.0,0.0,0.0,0.0,0.0,0.0,0.0,0.0,0.0,0.0,0.0,0.0,0.0,0.0,0.0,0.0,0.0,0.0,0.0,0.0,0.0,0.0,0.0,0.0,0.0,0.0,0.0,0.0,0.0
532800,西双版纳傣族自治州,532800,0.0,0.0,0.0,0.0,0.0,0.0,0.0,0.0,0.0,0.0,0.0,0.0,0.0,0.0,0.0,0.0,0.0,0.0,0.0,0.0,0.0,0.0,0.0,0.0,0.0,0.0,0.0,0.0,0.0,0.0,0.0,0.0,0.0,0.0,0.0,0.0,0.0,0.0,0.0,0.0,0.0,0.0,0.0,0.0,0.0
532900,大理白族自治州,532900,0.0,0.0,0.0,0.0,0.0,0.0,0.0,0.0,0.07,0.0,0.0,0.0,0.0,0.0,0.0,0.01,0.0,0.0,0.0,0.0,0.0,0.0,0.0,0.0,0.0,0.0,0.0,0.0,0.0,0.03,0.0,0.0,0.0,0.0,0.0,0.0,0.0,0.03,0.0,0.0,0.0,0.0,0.0,0.0,0.0
533100,德宏傣族景颇族自治州,533100,0.0,0.0,0.0,0.0,0.0,0.0,0.0,0.0,0.0,0.0,0.0,0.0,0.0,0.0,0.0,0.0,0.0,0.0,0.0,0.0,0.0,0.0,0.0,0.0,0.0,0.0,0.0,0.0,0.0,0.0,0.0,0.0,0.0,0.0,0.0,0.0,0.0,0.0,0.0,0.0,0.0,0.0,0.0,0.0,0.0
533300,怒江傈僳族自治州,533300,0.0,0.0,0.0,0.0,0.0,0.0,0.0,0.0,0.0,0.0,0.0,0.0,0.0,0.0,0.0,0.0,0.0,0.0,0.0,0.0,0.0,0.0,0.0,0.0,0.0,0.0,0.0,0.0,0.0,0.0,0.0,0.0,0.0,0.0,0.0,0.0,0.0,0.0,0.0,0.0,0.0,0.0,0.0,0.0,0.0
533400,迪庆藏族自治州,533400,0.0,0.0,0.0,0.0,0.0,0.0,0.0,0.0,0.0,0.0,0.0,0.0,0.0,0.0,0.0,0.0,0.0,0.0,0.0,0.0,0.0,0.0,0.0,0.0,0.0,0.0,0.0,0.0,0.0,0.0,0.0,0.0,0.0,0.0,0.0,0.0,0.0,0.0,0.0,0.0,0.0,0.0,0.0,0.0,0.0
540100,拉萨市,540100,0.0,0.0,0.0,0.0,0.0,0.0,0.0,0.0,0.0,0.0,0.0,0.0,0.0,0.0,0.0,0.0,0.0,0.0,0.0,0.0,0.0,0.0,0.0,0.0,0.0,0.0,0.0,0.0,0.0,0.0,0.0,0.0,0.0,0.0,0.0,0.0,0.0,0.0,0.0,0.0,0.0,0.0,0.0,0.0,0.0
540200,日喀则市,540200,0.0,0.0,0.0,0.0,0.0,0.0,0.0,0.0,0.0,0.0,0.0,0.0,0.0,0.02,0.0,0.0,0.0,0.0,0.0,0.0,0.0,0.0,0.0,0.0,0.0,0.0,0.0,0.0,0.0,0.0,0.0,0.0,0.0,0.0,0.0,0.0,0.0,0.0,0.0,0.0,0.0,0.0,0.0,0.0,0.0
540300,昌都市,540300,0.0,0.0,0.0,0.0,0.0,0.0,0.0,0.0,0.0,0.0,0.0,0.0,0.0,0.0,0.0,0.0,0.0,0.0,0.0,0.0,0.0,0.0,0.0,0.0,0.0,0.0,0.0,0.0,0.0,0.0,0.0,0.0,0.0,0.0,0.0,0.0,0.0,0.0,0.0,0.0,0.0,0.0,0.0,0.0,0.0
540400,林芝市,540400,0.0,0.0,0.0,0.0,0.0,0.0,0.0,0.0,0.0,0.0,0.0,0.0,0.0,0.0,0.0,0.0,0.0,0.0,0.0,0.0,0.0,0.0,0.0,0.0,0.0,0.0,0.0,0.0,0.0,0.0,0.0,0.0,0.0,0.0,0.0,0.0,0.0,0.0,0.0,0.0,0.0,0.0,0.0,0.0,0.0
540500,山南市,542200,0.0,0.0,0.0,0.0,0.0,0.0,0.0,0.0,0.0,0.0,0.0,0.0,0.0,0.0,0.0,0.0,0.0,0.0,0.0,0.0,0.0,0.0,0.0,0.0,0.0,0.0,0.0,0.0,0.0,0.0,0.0,0.0,0.0,0.0,0.0,0.0,0.0,0.0,0.0,0.0,0.0,0.0,0.0,0.0,0.0
540600,那曲市,542400,0.0,0.0,0.0,0.0,0.0,0.0,0.0,0.0,0.0,0.0,0.0,0.0,0.0,0.0,0.0,0.0,0.0,0.0,0.0,0.0,0.0,0.0,0.0,0.0,0.0,0.0,0.0,0.0,0.0,0.0,0.0,0.0,0.0,0.0,0.0,0.0,0.0,0.0,0.0,0.0,0.0,0.0,0.0,0.0,0.0
542500,阿里地区,542500,0.0,0.0,0.0,0.0,0.0,0.0,0.0,0.0,0.0,0.0,0.0,0.0,0.0,0.0,0.0,0.0,0.0,0.0,0.0,0.0,0.0,0.0,0.0,0.0,0.0,0.0,0.0,0.0,0.0,0.0,0.0,0.0,0.0,0.0,0.0,0.0,0.0,0.0,0.0,0.0,0.0,0.0,0.0,0.0,0.0
610100,西安市,610100,0.36,0.32,0.34,0.29,0.28,0.21,0.2,0.28,0.21,0.19,0.07,0.1,0.06,0.14,0.04,0.09,0.07,0.1,0.05,0.03,0.07,0.07,0.0,0.05,0.03,0.03,0.06,0.06,0.1,0.09,0.33,0.0,0.05,0.03,0.0,0.12,0.02,0.1,0.1,0.12,0.09,0.05,0.06,0.07,0.09
610200,铜川市,610200,0.0,0.0,0.0,0.0,0.0,0.0,0.0,0.0,0.0,0.0,0.0,0.0,0.0,0.0,0.0,0.0,0.0,0.0,0.0,0.0,0.0,0.0,0.0,0.0,0.0,0.0,0.0,0.0,0.0,0.0,0.0,0.0,0.0,0.0,0.0,0.0,0.0,0.0,0.0,0.0,0.0,0.0,0.0,0.0,0.0
610300,宝鸡市,610300,0.0,0.0,0.0,0.0,0.0,0.0,0.0,0.0,0.0,0.0,0.0,0.0,0.0,0.0,0.0,0.0,0.0,0.0,0.0,0.0,0.0,0.0,0.0,0.0,0.0,0.0,0.01,0.0,0.0,0.0,0.0,0.03,0.0,0.05,0.0,0.02,0.0,0.0,0.0,0.0,0.0,0.0,0.0,0.0,0.0
610400,咸阳市,610400,0.0,0.0,0.0,0.0,0.0,0.0,0.06,0.09,0.1,0.08,0.08,0.06,0.0,0.0,0.05,0.0,0.0,0.07,0.0,0.0,0.02,0.0,0.0,0.0,0.0,0.02,0.05,0.0,0.0,0.0,0.03,0.0,0.0,0.02,0.03,0.0,0.0,0.0,0.0,0.03,0.03,0.06,0.0,0.0,0.0
610500,渭南市,610500,0.0,0.0,0.0,0.0,0.0,0.0,0.0,0.0,0.0,0.0,0.0,0.0,0.0,0.0,0.0,0.0,0.0,0.0,0.0,0.0,0.0,0.0,0.0,0.0,0.0,0.0,0.0,0.0,0.0,0.0,0.0,0.0,0.0,0.0,0.0,0.0,0.0,0.0,0.0,0.0,0.0,0.0,0.0,0.0,0.0
610600,延安市,610600,0.0,0.0,0.0,0.0,0.0,0.0,0.0,0.0,0.0,0.0,0.0,0.0,0.0,0.0,0.0,0.0,0.04,0.0,0.0,0.02,0.0,0.0,0.0,0.02,0.0,0.0,0.0,0.0,0.0,0.0,0.0,0.02,0.0,0.0,0.0,0.0,0.0,0.0,0.0,0.0,0.03,0.0,0.0,0.0,0.0
610700,汉中市,610700,0.0,0.0,0.0,0.0,0.0,0.0,0.0,0.0,0.0,0.0,0.0,0.09,0.0,0.02,0.0,0.0,0.0,0.0,0.0,0.0,0.0,0.0,0.0,0.0,0.0,0.0,0.0,0.0,0.0,0.0,0.0,0.0,0.0,0.0,0.0,0.0,0.0,0.0,0.03,0.0,0.0,0.0,0.0,0.0,0.0
610800,榆林市,610800,0.0,0.0,0.0,0.0,0.0,0.0,0.0,0.0,0.0,0.0,0.0,0.0,0.0,0.0,0.0,0.0,0.0,0.06,0.0,0.0,0.01,0.0,0.02,0.0,0.0,0.0,0.0,0.0,0.0,0.0,0.0,0.0,0.0,0.0,0.0,0.0,0.0,0.02,0.0,0.0,0.0,0.0,0.0,0.0,0.03
610900,安康市,610900,0.0,0.1,0.16,0.12,0.1,0.09,0.07,0.08,0.08,0.0,0.06,0.0,0.02,0.01,0.0,0.02,0.03,0.03,0.0,0.03,0.01,0.03,0.0,0.04,0.1,0.02,0.01,0.02,0.07,0.0,0.03,0.03,0.02,0.05,0.0,0.07,0.0,0.02,0.0,0.02,0.08,0.02,0.03,0.0,0.02
611000,商洛市,611000,0.0,0.0,0.0,0.0,0.0,0.0,0.0,0.0,0.0,0.0,0.0,0.0,0.0,0.0,0.0,0.0,0.0,0.0,0.0,0.03,0.0,0.02,0.0,0.0,0.0,0.0,0.0,0.0,0.0,0.03,0.0,0.03,0.0,0.0,0.0,0.0,0.02,0.0,0.0,0.0,0.02,0.0,0.02,0.04,0.0
620100,兰州市,620100,0.12,0.0,0.0,0.0,0.0,0.0,0.0,0.0,0.0,0.06,0.0,0.0,0.0,0.02,0.0,0.02,0.02,0.0,0.02,0.02,0.0,0.0,0.0,0.0,0.0,0.01,0.0,0.0,0.0,0.02,0.03,0.04,0.0,0.0,0.02,0.0,0.0,0.0,0.0,0.0,0.0,0.0,0.0,0.0,0.02
620200,嘉峪关市,620200,0.0,0.0,0.0,0.0,0.0,0.0,0.0,0.0,0.0,0.0,0.0,0.0,0.0,0.0,0.0,0.0,0.0,0.0,0.0,0.0,0.0,0.0,0.0,0.0,0.0,0.0,0.0,0.0,0.0,0.0,0.0,0.0,0.0,0.0,0.0,0.0,0.0,0.0,0.0,0.0,0.0,0.0,0.0,0.0,0.0
620300,金昌市,620300,0.0,0.0,0.0,0.0,0.0,0.0,0.0,0.0,0.0,0.0,0.0,0.0,0.0,0.0,0.0,0.0,0.0,0.0,0.0,0.0,0.0,0.0,0.0,0.0,0.0,0.0,0.0,0.0,0.0,0.0,0.0,0.0,0.0,0.0,0.0,0.0,0.0,0.0,0.0,0.0,0.0,0.0,0.0,0.0,0.0
620400,白银市,620400,0.0,0.0,0.0,0.0,0.0,0.0,0.0,0.0,0.0,0.0,0.0,0.0,0.0,0.0,0.0,0.0,0.0,0.0,0.0,0.02,0.0,0.0,0.0,0.0,0.0,0.0,0.0,0.0,0.0,0.0,0.0,0.0,0.0,0.0,0.0,0.0,0.0,0.0,0.0,0.0,0.0,0.0,0.0,0.0,0.0
620500,天水市,620500,0.0,0.0,0.0,0.0,0.0,0.0,0.0,0.0,0.08,0.0,0.0,0.04,0.0,0.0,0.0,0.0,0.0,0.06,0.0,0.02,0.0,0.0,0.0,0.0,0.0,0.0,0.03,0.0,0.0,0.0,0.0,0.0,0.0,0.0,0.0,0.0,0.0,0.0,0.0,0.0,0.0,0.0,0.0,0.0,0.0
620600,武威市,620600,0.0,0.0,0.0,0.0,0.0,0.0,0.0,0.0,0.0,0.0,0.0,0.0,0.0,0.0,0.0,0.0,0.0,0.0,0.0,0.0,0.0,0.0,0.0,0.0,0.0,0.0,0.0,0.0,0.0,0.0,0.0,0.0,0.0,0.0,0.0,0.0,0.0,0.0,0.0,0.0,0.0,0.0,0.0,0.0,0.0
620700,张掖市,620700,0.0,0.0,0.0,0.0,0.0,0.0,0.0,0.0,0.0,0.0,0.0,0.0,0.0,0.0,0.0,0.0,0.0,0.0,0.0,0.0,0.0,0.0,0.0,0.0,0.0,0.0,0.0,0.0,0.0,0.0,0.0,0.0,0.0,0.0,0.0,0.0,0.0,0.0,0.0,0.0,0.0,0.0,0.0,0.0,0.0
620800,平凉市,620800,0.0,0.0,0.0,0.0,0.0,0.0,0.0,0.0,0.0,0.0,0.0,0.0,0.0,0.0,0.0,0.0,0.0,0.0,0.0,0.0,0.0,0.0,0.0,0.0,0.0,0.0,0.0,0.0,0.0,0.0,0.0,0.0,0.0,0.0,0.02,0.0,0.0,0.0,0.0,0.0,0.0,0.0,0.0,0.0,0.0
620900,酒泉市,620900,0.0,0.0,0.0,0.0,0.0,0.0,0.0,0.0,0.0,0.0,0.0,0.0,0.0,0.0,0.0,0.0,0.0,0.0,0.0,0.0,0.0,0.0,0.0,0.0,0.0,0.0,0.0,0.0,0.0,0.0,0.0,0.0,0.0,0.0,0.0,0.0,0.0,0.0,0.0,0.0,0.0,0.0,0.0,0.0,0.0
621000,庆阳市,621000,0.0,0.0,0.0,0.0,0.0,0.0,0.0,0.0,0.0,0.0,0.0,0.0,0.0,0.0,0.0,0.0,0.0,0.03,0.0,0.03,0.0,0.0,0.0,0.02,0.0,0.0,0.0,0.0,0.0,0.04,0.0,0.0,0.0,0.0,0.0,0.0,0.0,0.0,0.0,0.0,0.0,0.0,0.0,0.0,0.0
621100,定西市,621100,0.0,0.0,0.0,0.0,0.0,0.0,0.0,0.0,0.0,0.0,0.0,0.0,0.0,0.0,0.0,0.0,0.0,0.03,0.0,0.0,0.0,0.0,0.0,0.0,0.0,0.0,0.0,0.0,0.0,0.0,0.0,0.0,0.0,0.0,0.0,0.0,0.0,0.0,0.0,0.03,0.0,0.0,0.0,0.0,0.0
621200,陇南市,621200,0.0,0.0,0.0,0.0,0.0,0.0,0.0,0.0,0.0,0.0,0.0,0.0,0.02,0.0,0.0,0.0,0.0,0.0,0.0,0.0,0.0,0.0,0.0,0.0,0.0,0.0,0.0,0.0,0.0,0.0,0.0,0.0,0.0,0.0,0.0,0.0,0.0,0.0,0.0,0.0,0.0,0.0,0.0,0.0,0.0
622900,临夏回族自治州,622900,0.0,0.0,0.0,0.0,0.0,0.0,0.0,0.0,0.0,0.0,0.0,0.0,0.0,0.0,0.0,0.0,0.0,0.0,0.0,0.0,0.0,0.0,0.0,0.0,0.0,0.0,0.0,0.0,0.0,0.0,0.0,0.0,0.0,0.0,0.0,0.0,0.0,0.0,0.0,0.0,0.0,0.0,0.0,0.0,0.0
623000,甘南藏族自治州,623000,0.0,0.0,0.0,0.0,0.0,0.0,0.0,0.0,0.0,0.0,0.0,0.0,0.0,0.0,0.0,0.0,0.0,0.0,0.0,0.0,0.0,0.0,0.0,0.0,0.0,0.0,0.0,0.0,0.0,0.0,0.0,0.0,0.0,0.0,0.0,0.0,0.0,0.0,0.0,0.0,0.0,0.0,0.0,0.0,0.0
630100,西宁市,630100,0.0,0.0,0.0,0.0,0.0,0.0,0.0,0.0,0.0,0.0,0.0,0.0,0.0,0.0,0.0,0.0,0.0,0.0,0.0,0.0,0.0,0.0,0.0,0.0,0.0,0.0,0.0,0.0,0.0,0.0,0.0,0.0,0.0,0.0,0.0,0.0,0.0,0.0,0.0,0.0,0.0,0.0,0.0,0.0,0.0
630200,海东市,630200,0.0,0.0,0.0,0.0,0.0,0.0,0.0,0.0,0.0,0.0,0.0,0.0,0.0,0.0,0.0,0.0,0.0,0.0,0.0,0.0,0.0,0.0,0.0,0.0,0.0,0.0,0.0,0.0,0.0,0.0,0.0,0.0,0.0,0.0,0.0,0.0,0.0,0.0,0.0,0.0,0.0,0.0,0.0,0.0,0.0
632200,海北藏族自治州,632200,0.0,0.0,0.0,0.0,0.0,0.0,0.0,0.0,0.0,0.0,0.0,0.0,0.0,0.0,0.0,0.0,0.0,0.0,0.0,0.0,0.0,0.0,0.0,0.0,0.0,0.0,0.0,0.0,0.0,0.0,0.0,0.0,0.0,0.0,0.0,0.0,0.0,0.0,0.0,0.0,0.0,0.0,0.0,0.0,0.0
632300,黄南藏族自治州,632300,0.0,0.0,0.0,0.0,0.0,0.0,0.0,0.0,0.0,0.0,0.0,0.0,0.0,0.0,0.0,0.0,0.0,0.0,0.0,0.0,0.0,0.0,0.0,0.0,0.0,0.0,0.0,0.0,0.0,0.0,0.0,0.0,0.0,0.0,0.0,0.0,0.0,0.0,0.0,0.0,0.0,0.0,0.0,0.0,0.0
632500,海南藏族自治州,632500,0.0,0.0,0.0,0.0,0.0,0.0,0.0,0.0,0.0,0.0,0.0,0.0,0.0,0.0,0.0,0.0,0.0,0.0,0.0,0.0,0.0,0.0,0.0,0.0,0.0,0.0,0.0,0.0,0.0,0.0,0.0,0.0,0.0,0.0,0.0,0.0,0.0,0.0,0.0,0.0,0.0,0.0,0.0,0.0,0.0
632600,果洛藏族自治州,632600,0.0,0.0,0.0,0.0,0.0,0.0,0.0,0.0,0.0,0.0,0.0,0.0,0.0,0.0,0.0,0.0,0.0,0.0,0.0,0.0,0.0,0.0,0.0,0.0,0.0,0.0,0.0,0.0,0.0,0.0,0.0,0.0,0.0,0.0,0.0,0.0,0.0,0.0,0.0,0.0,0.0,0.0,0.0,0.0,0.0
632700,玉树藏族自治州,632700,0.0,0.0,0.0,0.0,0.0,0.0,0.0,0.0,0.0,0.0,0.0,0.0,0.0,0.0,0.0,0.0,0.0,0.0,0.0,0.0,0.0,0.0,0.0,0.0,0.0,0.0,0.0,0.0,0.0,0.0,0.0,0.0,0.0,0.0,0.0,0.0,0.0,0.0,0.0,0.0,0.0,0.0,0.0,0.0,0.0
632800,海西蒙古族藏族自治州,632800,0.0,0.0,0.0,0.0,0.0,0.0,0.0,0.0,0.0,0.0,0.0,0.0,0.0,0.0,0.0,0.0,0.0,0.0,0.0,0.0,0.0,0.0,0.0,0.0,0.0,0.0,0.0,0.0,0.0,0.0,0.0,0.0,0.0,0.0,0.0,0.0,0.0,0.0,0.0,0.0,0.0,0.0,0.0,0.0,0.0
640100,银川市,640100,0.0,0.0,0.0,0.0,0.0,0.0,0.0,0.0,0.0,0.0,0.0,0.0,0.0,0.0,0.0,0.0,0.0,0.0,0.0,0.0,0.0,0.02,0.0,0.0,0.0,0.0,0.0,0.02,0.0,0.0,0.0,0.0,0.0,0.0,0.0,0.0,0.0,0.0,0.0,0.0,0.0,0.0,0.03,0.02,0.0
640200,石嘴山市,640200,0.0,0.0,0.0,0.0,0.0,0.0,0.0,0.0,0.0,0.0,0.0,0.0,0.0,0.0,0.0,0.0,0.0,0.0,0.0,0.0,0.01,0.0,0.0,0.0,0.0,0.0,0.0,0.0,0.0,0.0,0.0,0.0,0.0,0.0,0.0,0.0,0.0,0.02,0.0,0.0,0.0,0.0,0.0,0.0,0.0
640300,吴忠市,640300,0.0,0.0,0.0,0.0,0.0,0.0,0.0,0.0,0.0,0.0,0.0,0.0,0.0,0.0,0.0,0.0,0.0,0.0,0.0,0.0,0.0,0.0,0.0,0.0,0.0,0.0,0.0,0.0,0.0,0.0,0.0,0.0,0.0,0.0,0.0,0.0,0.0,0.0,0.0,0.0,0.0,0.0,0.0,0.0,0.0
640400,固原市,640400,0.0,0.0,0.0,0.0,0.0,0.0,0.0,0.0,0.0,0.0,0.0,0.0,0.0,0.0,0.0,0.0,0.0,0.0,0.0,0.0,0.0,0.0,0.0,0.0,0.0,0.0,0.0,0.0,0.0,0.0,0.0,0.0,0.0,0.0,0.0,0.0,0.0,0.0,0.0,0.0,0.0,0.0,0.0,0.0,0.0
640500,中卫市,640500,0.0,0.0,0.0,0.0,0.0,0.0,0.0,0.0,0.0,0.0,0.0,0.0,0.0,0.0,0.0,0.0,0.0,0.0,0.0,0.0,0.0,0.0,0.0,0.0,0.0,0.0,0.0,0.0,0.0,0.07,0.0,0.0,0.0,0.0,0.0,0.0,0.0,0.0,0.0,0.0,0.0,0.0,0.0,0.0,0.0
650100,乌鲁木齐市,650100,0.0,0.09,0.0,0.0,0.0,0.0,0.0,0.0,0.0,0.0,0.0,0.0,0.0,0.0,0.0,0.0,0.0,0.0,0.02,0.0,0.0,0.0,0.0,0.0,0.02,0.0,0.02,0.0,0.0,0.0,0.0,0.0,0.0,0.0,0.0,0.0,0.0,0.0,0.0,0.0,0.0,0.0,0.0,0.0,0.0
650200,克拉玛依市,650200,0.0,0.0,0.0,0.0,0.0,0.0,0.0,0.0,0.0,0.0,0.0,0.0,0.0,0.0,0.0,0.0,0.0,0.0,0.0,0.0,0.0,0.0,0.0,0.0,0.0,0.0,0.0,0.0,0.0,0.0,0.0,0.0,0.0,0.0,0.0,0.0,0.0,0.0,0.0,0.0,0.0,0.0,0.0,0.0,0.0
650400,吐鲁番市,650400,0.0,0.0,0.0,0.0,0.0,0.0,0.0,0.0,0.0,0.0,0.0,0.0,0.0,0.0,0.0,0.0,0.0,0.0,0.0,0.0,0.0,0.0,0.0,0.0,0.0,0.0,0.0,0.0,0.0,0.0,0.0,0.0,0.0,0.0,0.0,0.0,0.0,0.0,0.0,0.0,0.0,0.0,0.0,0.0,0.0
650500,哈密市,652200,0.0,0.0,0.0,0.0,0.0,0.0,0.0,0.0,0.0,0.0,0.0,0.0,0.0,0.0,0.0,0.0,0.0,0.0,0.0,0.0,0.0,0.0,0.0,0.0,0.0,0.0,0.0,0.0,0.0,0.0,0.0,0.0,0.0,0.0,0.0,0.0,0.0,0.0,0.0,0.0,0.0,0.0,0.0,0.0,0.0
652300,昌吉回族自治州,652300,0.0,0.0,0.0,0.0,0.0,0.0,0.0,0.0,0.0,0.0,0.0,0.0,0.0,0.0,0.0,0.0,0.0,0.0,0.0,0.0,0.0,0.0,0.0,0.0,0.0,0.0,0.0,0.0,0.0,0.0,0.0,0.0,0.02,0.0,0.0,0.0,0.0,0.0,0.0,0.0,0.0,0.0,0.0,0.0,0.0
652700,博尔塔拉蒙古自治州,652700,0.0,0.0,0.0,0.0,0.0,0.0,0.0,0.0,0.0,0.0,0.0,0.0,0.0,0.0,0.0,0.0,0.0,0.0,0.0,0.0,0.0,0.0,0.0,0.0,0.0,0.0,0.0,0.0,0.0,0.0,0.0,0.0,0.0,0.0,0.0,0.0,0.0,0.0,0.0,0.0,0.0,0.0,0.0,0.0,0.0
652800,巴音郭楞蒙古自治州,652800,0.0,0.0,0.0,0.0,0.0,0.0,0.0,0.0,0.0,0.0,0.0,0.0,0.0,0.0,0.0,0.0,0.0,0.0,0.0,0.0,0.0,0.0,0.0,0.0,0.0,0.0,0.0,0.0,0.0,0.0,0.0,0.0,0.0,0.0,0.0,0.0,0.0,0.0,0.0,0.0,0.0,0.0,0.0,0.0,0.0
652900,阿克苏地区,652900,0.0,0.0,0.0,0.0,0.0,0.0,0.0,0.0,0.0,0.0,0.0,0.0,0.0,0.0,0.0,0.0,0.0,0.0,0.0,0.0,0.01,0.0,0.0,0.0,0.0,0.01,0.0,0.0,0.0,0.0,0.0,0.0,0.0,0.0,0.0,0.0,0.0,0.0,0.0,0.0,0.0,0.0,0.0,0.0,0.0
653000,克孜勒苏柯尔克孜自治州,653000,0.0,0.0,0.0,0.0,0.0,0.0,0.0,0.0,0.0,0.0,0.0,0.0,0.0,0.0,0.0,0.0,0.0,0.0,0.0,0.0,0.0,0.0,0.0,0.0,0.0,0.0,0.0,0.0,0.0,0.0,0.0,0.0,0.0,0.0,0.0,0.0,0.0,0.0,0.0,0.0,0.0,0.0,0.0,0.0,0.0
653100,喀什地区,653100,0.0,0.0,0.0,0.0,0.0,0.0,0.0,0.0,0.0,0.0,0.0,0.0,0.0,0.0,0.0,0.0,0.0,0.0,0.0,0.0,0.01,0.0,0.0,0.0,0.0,0.0,0.0,0.0,0.0,0.0,0.0,0.0,0.0,0.0,0.0,0.0,0.0,0.0,0.0,0.0,0.0,0.0,0.0,0.0,0.0
653200,和田地区,653200,0.0,0.0,0.0,0.0,0.0,0.0,0.0,0.0,0.0,0.0,0.0,0.0,0.0,0.0,0.0,0.0,0.0,0.0,0.0,0.0,0.0,0.0,0.0,0.0,0.0,0.0,0.0,0.0,0.0,0.0,0.0,0.0,0.0,0.0,0.0,0.0,0.0,0.0,0.0,0.0,0.0,0.0,0.0,0.0,0.0
654000,伊犁哈萨克自治州,654000,0.0,0.0,0.0,0.0,0.0,0.0,0.0,0.0,0.0,0.0,0.0,0.0,0.0,0.0,0.0,0.0,0.0,0.0,0.0,0.0,0.02,0.0,0.0,0.0,0.0,0.0,0.0,0.0,0.0,0.0,0.0,0.0,0.0,0.0,0.0,0.0,0.0,0.0,0.0,0.0,0.0,0.0,0.0,0.0,0.0
654200,塔城地区,654200,0.0,0.0,0.0,0.0,0.0,0.0,0.0,0.0,0.0,0.0,0.0,0.0,0.0,0.0,0.0,0.0,0.0,0.0,0.0,0.0,0.0,0.0,0.0,0.0,0.0,0.0,0.0,0.0,0.0,0.0,0.0,0.0,0.0,0.0,0.0,0.0,0.0,0.0,0.0,0.0,0.0,0.0,0.0,0.0,0.0
654300,阿勒泰地区,654300,0.0,0.0,0.0,0.0,0.0,0.0,0.0,0.0,0.0,0.0,0.0,0.0,0.0,0.0,0.0,0.0,0.0,0.0,0.0,0.0,0.0,0.0,0.0,0.0,0.0,0.0,0.0,0.0,0.0,0.0,0.0,0.0,0.0,0.0,0.0,0.0,0.0,0.0,0.0,0.0,0.0,0.0,0.0,0.0,0.0
-999,台湾省,710000,0.0,0.0,0.0,0.0,0.0,0.0,0.0,0.0,0.0,0.0,0.0,0.0,0.0,0.0,0.0,0.0,0.0,0.0,0.0,0.0,0.0,0.0,0.0,0.0,0.0,0.0,0.0,0.0,0.0,0.0,0.0,0.0,0.0,0.0,0.0,0.0,0.0,0.0,0.0,0.0,0.0,0.0,0.0,0.0,0.0
-999,香港特别行政区,810000,0.0,0.0,0.0,0.0,0.0,0.0,0.0,0.0,0.0,0.0,0.0,0.0,0.0,0.0,0.0,0.0,0.0,0.0,0.0,0.0,0.0,0.0,0.0,0.0,0.0,0.0,0.0,0.0,0.0,0.0,0.0,0.0,0.0,0.0,0.0,0.0,0.0,0.0,0.0,0.0,0.0,0.0,0.0,0.0,0.0
-999,澳门特别行政区,820000,0.0,0.0,0.0,0.0,0.0,0.0,0.0,0.0,0.0,0.0,0.0,0.0,0.0,0.0,0.0,0.0,0.0,0.0,0.0,0.0,0.0,0.0,0.0,0.0,0.0,0.0,0.0,0.0,0.0,0.0,0.0,0.0,0.0,0.0,0.0,0.0,0.0,0.0,0.0,0.0,0.0,0.0,0.0,0.0,0.0
419001,济源市,419001,0.0,0.0,0.0,0.0,0.0,0.0,0.0,0.0,0.0,0.0,0.0,0.0,0.0,0.0,0.0,0.0,0.0,0.0,0.0,0.0,0.0,0.0,0.0,0.0,0.0,0.0,0.0,0.0,0.0,0.0,0.0,0.0,0.0,0.0,0.0,0.0,0.0,0.0,0.0,0.0,0.0,0.0,0.0,0.0,0.0
429004,仙桃市,429004,2.76,2.91,3.07,3.11,3.23,3.3,3.34,3.19,3.38,2.82,2.98,2.77,2.64,2.89,2.86,3.13,2.79,3.06,2.91,3.29,2.99,3.21,2.95,2.59,3.37,3.23,2.83,2.67,2.47,2.97,2.99,2.87,2.87,3.08,3.2,3.07,2.91,2.91,3.08,3.13,2.5,2.9,3.23,2.84,2.86
429005,潜江市,429005,1.02,1.03,1.04,1.17,1.19,1.35,1.25,0.92,0.9,0.88,0.95,0.89,0.86,1.01,0.76,0.83,1.2,0.87,0.62,0.82,0.95,1.14,0.81,1.11,1.09,0.78,0.93,0.94,0.89,0.91,1.12,1.19,1.06,1.19,1.16,1.12,1.03,0.93,1.31,1.41,0.8,0.99,1.08,1.0,1.17
429006,天门市,429006,1.95,2.1,2.33,2.43,2.28,2.34,2.25,1.94,2.0,1.93,2.08,1.82,2.17,1.9,1.99,2.24,2.75,1.4,1.19,1.83,1.93,2.01,2.45,2.21,2.03,2.18,2.23,1.84,2.05,1.72,2.33,2.35,2.42,2.44,2.22,2.36,2.22,2.45,2.52,2.27,2.26,2.42,2.31,2.44,2.34
429021,神农架林区,429021,0.0,0.0,0.1,0.0,0.1,0.0,0.0,0.0,0.0,0.07,0.09,0.09,0.12,0.06,0.06,0.11,0.07,0.03,0.15,0.08,0.07,0.07,0.09,0.14,0.07,0.09,0.03,0.14,0.07,0.07,0.08,0.09,0.07,0.14,0.04,0.1,0.08,0.1,0.07,0.08,0.11,0.05,0.07,0.07,0.11
469001,五指山市,469001,0.0,0.0,0.0,0.0,0.0,0.0,0.0,0.0,0.0,0.0,0.0,0.0,0.0,0.0,0.0,0.0,0.0,0.0,0.0,0.0,0.0,0.0,0.0,0.0,0.0,0.0,0.0,0.0,0.0,0.0,0.0,0.0,0.0,0.0,0.0,0.0,0.0,0.0,0.0,0.0,0.0,0.0,0.0,0.0,0.0
469002,琼海市,469002,0.0,0.0,0.0,0.0,0.0,0.0,0.0,0.0,0.0,0.0,0.0,0.0,0.0,0.0,0.0,0.01,0.01,0.0,0.0,0.0,0.0,0.0,0.0,0.0,0.0,0.0,0.0,0.0,0.0,0.0,0.0,0.0,0.0,0.0,0.0,0.0,0.0,0.0,0.0,0.0,0.0,0.0,0.0,0.0,0.0
469005,文昌市,469005,0.0,0.0,0.0,0.0,0.0,0.0,0.0,0.0,0.0,0.0,0.0,0.0,0.0,0.0,0.0,0.0,0.0,0.0,0.0,0.0,0.0,0.0,0.0,0.0,0.0,0.0,0.0,0.0,0.0,0.0,0.0,0.0,0.0,0.0,0.0,0.0,0.0,0.0,0.0,0.0,0.0,0.0,0.0,0.0,0.0
469006,万宁市,469006,0.0,0.0,0.0,0.0,0.0,0.0,0.0,0.0,0.0,0.0,0.0,0.0,0.0,0.0,0.0,0.0,0.0,0.0,0.0,0.0,0.0,0.0,0.0,0.0,0.0,0.0,0.0,0.0,0.0,0.0,0.0,0.0,0.0,0.0,0.0,0.0,0.0,0.0,0.0,0.0,0.0,0.0,0.0,0.0,0.0
469007,东方市,469007,0.0,0.0,0.0,0.0,0.0,0.0,0.0,0.0,0.0,0.0,0.0,0.0,0.0,0.0,0.0,0.0,0.0,0.0,0.0,0.0,0.0,0.0,0.0,0.0,0.0,0.0,0.0,0.0,0.0,0.0,0.0,0.0,0.0,0.0,0.0,0.0,0.0,0.0,0.0,0.0,0.0,0.0,0.0,0.0,0.0
469021,定安县,469021,0.0,0.0,0.0,0.0,0.0,0.0,0.0,0.0,0.0,0.0,0.0,0.0,0.0,0.0,0.0,0.0,0.0,0.0,0.0,0.0,0.0,0.0,0.0,0.0,0.0,0.0,0.0,0.0,0.0,0.0,0.0,0.0,0.0,0.0,0.0,0.0,0.0,0.0,0.0,0.0,0.0,0.0,0.0,0.0,0.0
469022,屯昌县,469022,0.0,0.0,0.0,0.0,0.0,0.0,0.0,0.0,0.0,0.0,0.0,0.0,0.0,0.0,0.0,0.0,0.0,0.0,0.0,0.0,0.0,0.0,0.0,0.0,0.0,0.0,0.0,0.0,0.0,0.0,0.0,0.0,0.0,0.0,0.0,0.0,0.0,0.0,0.0,0.0,0.0,0.0,0.0,0.0,0.0
469023,澄迈县,469023,0.0,0.0,0.0,0.0,0.0,0.0,0.0,0.0,0.0,0.0,0.0,0.04,0.0,0.0,0.0,0.0,0.0,0.0,0.0,0.0,0.0,0.0,0.0,0.0,0.0,0.0,0.0,0.0,0.0,0.0,0.0,0.0,0.0,0.0,0.0,0.0,0.0,0.0,0.0,0.0,0.0,0.0,0.0,0.0,0.0
469024,临高县,469024,0.0,0.0,0.0,0.0,0.0,0.0,0.0,0.0,0.0,0.0,0.0,0.0,0.0,0.0,0.0,0.0,0.0,0.0,0.0,0.0,0.0,0.0,0.0,0.0,0.0,0.0,0.0,0.0,0.0,0.0,0.0,0.0,0.0,0.0,0.0,0.0,0.0,0.0,0.0,0.0,0.0,0.0,0.0,0.0,0.0
469025,白沙黎族自治县,469025,0.0,0.0,0.0,0.0,0.0,0.0,0.0,0.0,0.0,0.0,0.0,0.0,0.0,0.0,0.0,0.0,0.0,0.0,0.0,0.0,0.0,0.0,0.0,0.0,0.0,0.0,0.0,0.0,0.0,0.0,0.0,0.0,0.0,0.0,0.0,0.0,0.0,0.0,0.0,0.0,0.0,0.0,0.0,0.0,0.0
469026,昌江黎族自治县,469026,0.0,0.0,0.0,0.0,0.0,0.0,0.0,0.0,0.0,0.0,0.0,0.0,0.0,0.0,0.0,0.0,0.0,0.0,0.0,0.0,0.0,0.0,0.0,0.0,0.0,0.0,0.0,0.0,0.0,0.0,0.0,0.0,0.0,0.0,0.0,0.0,0.0,0.0,0.0,0.0,0.0,0.0,0.0,0.0,0.0
469027,乐东黎族自治县,469027,0.0,0.0,0.0,0.0,0.0,0.0,0.0,0.0,0.0,0.0,0.0,0.0,0.0,0.0,0.0,0.0,0.0,0.0,0.0,0.0,0.0,0.0,0.0,0.0,0.0,0.0,0.0,0.0,0.0,0.0,0.0,0.0,0.0,0.0,0.0,0.0,0.0,0.0,0.0,0.0,0.0,0.0,0.0,0.0,0.0
469028,陵水黎族自治县,469028,0.0,0.0,0.0,0.0,0.0,0.0,0.0,0.0,0.0,0.0,0.0,0.0,0.0,0.0,0.0,0.0,0.0,0.0,0.0,0.0,0.0,0.0,0.0,0.0,0.0,0.0,0.0,0.0,0.0,0.0,0.0,0.0,0.0,0.02,0.0,0.0,0.0,0.0,0.0,0.0,0.0,0.0,0.0,0.0,0.0
469029,保亭黎族苗族自治县,469029,0.0,0.0,0.0,0.0,0.0,0.0,0.0,0.0,0.0,0.0,0.0,0.0,0.0,0.0,0.0,0.0,0.0,0.0,0.0,0.0,0.0,0.0,0.0,0.0,0.0,0.0,0.0,0.0,0.0,0.0,0.0,0.0,0.0,0.0,0.0,0.0,0.0,0.0,0.0,0.0,0.0,0.0,0.0,0.0,0.0
469030,琼中黎族苗族自治县,469030,0.0,0.0,0.0,0.0,0.0,0.0,0.0,0.0,0.0,0.0,0.0,0.0,0.0,0.0,0.0,0.0,0.0,0.0,0.0,0.0,0.0,0.0,0.0,0.0,0.0,0.0,0.0,0.0,0.0,0.0,0.0,0.0,0.0,0.0,0.0,0.0,0.0,0.0,0.0,0.0,0.0,0.0,0.0,0.0,0.0
659001,石河子市,659001,0.0,0.0,0.0,0.0,0.0,0.0,0.0,0.0,0.0,0.0,0.0,0.0,0.0,0.0,0.0,0.0,0.0,0.0,0.0,0.0,0.0,0.0,0.0,0.0,0.0,0.0,0.0,0.0,0.0,0.0,0.0,0.0,0.0,0.0,0.0,0.0,0.0,0.0,0.0,0.0,0.0,0.0,0.0,0.0,0.0
659002,阿拉尔市,659002,0.0,0.0,0.0,0.0,0.0,0.0,0.0,0.0,0.0,0.0,0.0,0.0,0.0,0.0,0.0,0.0,0.0,0.0,0.0,0.0,0.0,0.0,0.0,0.0,0.0,0.0,0.0,0.0,0.0,0.0,0.0,0.0,0.0,0.0,0.0,0.0,0.0,0.0,0.0,0.0,0.0,0.0,0.0,0.0,0.0
659003,图木舒克市,659003,0.0,0.0,0.0,0.0,0.0,0.0,0.0,0.0,0.0,0.0,0.0,0.0,0.0,0.0,0.0,0.0,0.0,0.0,0.0,0.0,0.0,0.0,0.0,0.0,0.0,0.0,0.0,0.0,0.0,0.0,0.0,0.0,0.0,0.0,0.0,0.0,0.0,0.0,0.0,0.0,0.0,0.0,0.0,0.0,0.0
659004,五家渠市,659004,0.0,0.0,0.0,0.0,0.0,0.0,0.0,0.0,0.0,0.0,0.0,0.0,0.0,0.0,0.0,0.0,0.0,0.0,0.0,0.0,0.0,0.0,0.0,0.0,0.0,0.0,0.0,0.0,0.0,0.0,0.0,0.0,0.0,0.0,0.0,0.0,0.0,0.0,0.0,0.0,0.0,0.0,0.0,0.0,0.0
659005,北屯市,659005,0.0,0.0,0.0,0.0,0.0,0.0,0.0,0.0,0.0,0.0,0.0,0.0,0.0,0.0,0.0,0.0,0.0,0.0,0.0,0.0,0.0,0.0,0.0,0.0,0.0,0.0,0.0,0.0,0.0,0.0,0.0,0.0,0.0,0.0,0.0,0.0,0.0,0.0,0.0,0.0,0.0,0.0,0.0,0.0,0.0
659006,铁门关市,659006,0.0,0.0,0.0,0.0,0.0,0.0,0.0,0.0,0.0,0.0,0.0,0.0,0.0,0.0,0.0,0.0,0.0,0.0,0.0,0.0,0.0,0.0,0.0,0.0,0.0,0.0,0.0,0.0,0.0,0.0,0.0,0.0,0.0,0.0,0.0,0.0,0.0,0.0,0.0,0.0,0.0,0.0,0.0,0.0,0.0
659007,双河市,659007,0.0,0.0,0.0,0.0,0.0,0.0,0.0,0.0,0.0,0.0,0.0,0.0,0.0,0.0,0.0,0.0,0.0,0.0,0.0,0.0,0.0,0.0,0.0,0.0,0.0,0.0,0.0,0.0,0.0,0.0,0.0,0.0,0.0,0.0,0.0,0.0,0.0,0.0,0.0,0.0,0.0,0.0,0.0,0.0,0.0
659008,可克达拉市,659008,0.0,0.0,0.0,0.0,0.0,0.0,0.0,0.0,0.0,0.0,0.0,0.0,0.0,0.0,0.0,0.0,0.0,0.0,0.0,0.0,0.0,0.0,0.0,0.0,0.0,0.0,0.0,0.0,0.0,0.0,0.0,0.0,0.0,0.0,0.0,0.0,0.0,0.0,0.0,0.0,0.0,0.0,0.0,0.0,0.0
