city_baidu_id,moveIn_index_sum,moveIn_index_max,moveIn_index_min,moveOut_index_sum,moveOut_index_max,moveOut_index_min,travel_index_sum,travel_index_max,travel_index_min
512000,58.93391520000001,2.9158704,0.1226664,55.635011999999996,1.4963616,0.1902852,383.9187000000002,7.2088,2.4343
520200,58.631428800000016,1.3770972,0.1629396,58.20316560000003,1.0859508,0.1867536,409.23829999999987,6.4298,2.6258
469001,3.4778483999999996,0.109188,0.0069012,3.7382796000000016,0.1021896,0.009234,310.12499999999994,4.5801,2.1485
469002,14.160387599999996,0.5748408,0.0251748,14.168844,0.2963628,0.0437076,368.59160000000014,5.8829,2.3223
370700,96.9916356,2.43648,0.2838888,96.24533400000003,2.4333048,0.2810052,363.2186,5.9235,1.5899
469005,18.728496000000003,0.9301068,0.0455868,17.55888839999999,0.4226256,0.0671004,409.0396999999998,6.6843,2.8359
469006,14.6259108,0.747792,0.028836,13.974800400000001,0.2960712,0.0467856,412.48160000000007,7.0436,2.7439
469007,10.755989999999994,0.3468744,0.0370332,10.651888800000002,0.1938168,0.0454572,443.1829,6.407,2.6562
430100,273.7755288000001,5.3923644,1.0762632,279.2295827999999,10.706418,0.7241724,308.9079999999999,5.3318,1.3277
532500,49.169591999999994,1.2204756,0.1803708,50.7236256,0.9201924,0.2068092,402.83669999999984,5.332,3.1679
131100,58.5078552,2.254878,0.1495908,57.73670280000001,1.3179348,0.1948536,364.02110000000005,5.823,1.9802
469021,11.3292432,0.5056344,0.0451008,10.693263599999998,0.199908,0.0480168,431.0345000000001,6.8135,3.5076
469022,6.9958079999999985,0.340362,0.0190836,6.629526000000002,0.1322244,0.0239436,406.5662,6.4619,3.1276
469023,22.0875012,0.816804,0.0815832,21.010946400000005,0.4361688,0.0943812,374.7038,5.8205,2.5252
469024,11.142230399999999,0.456678,0.0321084,11.270566800000003,0.2162376,0.0472716,467.71520000000015,7.3404,3.4181
469025,3.7773540000000003,0.1068552,0.0080352,3.972823200000001,0.087804,0.0104004,417.86349999999993,5.9801,3.3353
469026,6.337472400000002,0.1673784,0.0223236,6.1385364,0.1306368,0.0227448,386.33719999999977,5.5987,2.7098
469027,14.4838044,0.5464584,0.0454572,14.985907199999998,0.2911464,0.063666,469.01500000000027,6.6665,4.0721
469028,13.2592464,0.4138452,0.0368064,13.711517999999995,0.2882628,0.0589356,405.01600000000013,6.1286,2.9071
469029,5.466366000000002,0.1602504,0.0138024,5.239663199999997,0.1214352,0.0158112,383.15349999999984,5.6943,2.7598
469030,4.439512800000002,0.1332288,0.0132516,4.5249516000000005,0.1000836,0.0127008,342.3328,5.0834,2.4406
450600,19.734451200000002,0.4366548,0.0399492,21.083554799999995,0.5649912,0.0567648,332.6414000000001,5.4998,1.746
360500,16.2329184,0.5882868,0.0311364,16.356232800000008,0.4830516,0.0489564,327.6558999999998,6.1518,1.2522
411700,88.17067080000002,3.8006172,0.2004912,85.16728800000001,1.4745888,0.2947752,363.1602,7.1855,1.9752
211000,32.35525560000001,0.8157996,0.099954,30.863462400000007,0.7067088,0.1029024,408.10150000000027,5.9354,2.1667
620600,19.117296,0.6459912,0.0381996,18.18369,0.3590892,0.063666,372.6024,5.2911,2.403
522300,43.0375032,1.1817576,0.1328076,43.6948344,0.7683012,0.1518912,492.0584999999999,7.3494,3.2329
530500,26.137112400000007,0.7166232,0.0647676,27.17916119999999,0.5021028,0.084726,371.2684000000001,5.062,2.7101
440400,106.31962800000005,2.2311288,0.4915728,107.86115519999993,3.8388816,0.3242268,298.99179999999984,5.4913,1.1365
350300,39.33479880000002,1.4492844,0.0700488,39.112502400000004,0.9346428,0.1552932,313.3085,4.8249,1.4394
610400,135.23037480000002,3.813966,0.2675916,124.2127872,2.793528,0.2846664,296.77220000000005,4.7202,1.4813
520300,109.48941720000003,3.1189536,0.2409264,105.66009360000001,1.873854,0.2681748,407.5716999999999,6.4229,2.2152
370800,94.45682159999996,3.2403888,0.1844532,95.93092440000004,1.9649952,0.2806812,363.7614999999999,6.1051,1.572
430200,75.99533399999999,2.2900968,0.1921968,71.15571360000004,1.5911964,0.2852496,358.05249999999995,5.6406,1.7903
532600,36.41170320000002,1.039068,0.0920808,36.165851999999994,0.7508376,0.1044252,487.0153,7.1043,3.1689
340100,192.57118200000002,4.726674,0.635202,193.31984880000005,7.760772,0.3969648,334.75770000000006,6.136,1.3049
450700,50.851314,2.20077,0.0861516,47.28812399999996,0.8692596,0.1651428,374.1552,6.5131,2.4292
510100,434.82070079999994,8.3811672,1.3250628,463.7745071999999,22.6441008,0.7917588,327.79350000000005,5.8047,1.3588
360600,19.126497599999993,0.7141284,0.0332424,16.661862000000006,0.3278556,0.0520992,387.40219999999994,6.5468,1.6461
211100,27.265539599999993,0.598752,0.09396,28.66988519999999,0.7026588,0.093312,422.4985999999999,6.5247,1.886
620700,12.596634000000002,0.3257496,0.0239436,11.659463999999996,0.2624724,0.0364824,372.24930000000006,5.272,1.8207
530600,74.4382872,2.1779928,0.2824956,74.43015479999997,1.3442436,0.3277584,463.4028999999999,7.1301,3.4648
440500,75.059622,2.1135816,0.3105864,78.67734119999996,2.041524,0.3357288,278.5934,4.1664,1.5796
350400,38.720397600000005,1.5823512,0.1009908,33.96125880000001,0.6103188,0.170748,360.9881999999999,5.5189,1.8877
610500,76.17078000000001,3.207762,0.1146312,72.81183959999997,1.4245632,0.1626156,317.5869999999999,5.4398,1.687
520400,58.48721639999999,1.316898,0.1316088,56.55481559999999,1.0313892,0.1427868,419.7083,6.4698,2.2757
370900,59.32491839999999,2.2234176,0.1094148,57.31372079999999,1.2440952,0.1925532,333.64740000000006,5.7191,1.5144
430300,64.545498,1.8703224,0.2325996,63.105641999999996,1.418148,0.3016764,369.62730000000005,5.4704,2.2247
340200,62.3117124,2.1476988,0.1681884,63.0348804,1.4938992,0.1958256,386.01079999999996,5.9652,1.9269
450800,66.7522944,3.280986,0.1202688,59.82131880000001,1.2770784,0.2724192,395.30040000000014,6.8788,2.3627
360700,96.96438720000006,5.4341604,0.0991116,75.0950352,1.335366,0.2688876,377.5492,6.2869,1.8214
211200,37.497232800000006,1.426572,0.1038744,37.209877199999994,0.8731476,0.1473552,384.04080000000016,5.7005,2.5021
620800,23.638359599999998,0.8471304,0.0587736,21.641126400000005,0.3803436,0.0746496,347.04279999999983,5.4622,1.9891
420100,131.2123536,5.080644,0.2960388,184.12534439999996,11.8403208,0.2121552,156.79070000000002,5.334,0.5687
530700,22.8867444,0.7001316,0.0547884,23.235984,0.6295968,0.06399,335.3764999999999,4.8162,2.0677
440600,315.0835847999999,5.9558004,1.2301308,343.76552280000016,11.8547388,0.6806268,284.0221,5.2314,0.9234
500000,295.20012599999995,10.562724,0.6652044,277.86544560000004,8.8136424,0.77436,331.42460000000005,5.7278,1.5288
350500,113.66927639999999,2.8334772,0.3336552,125.80579799999997,5.0264388,0.34506,304.1532000000001,4.8718,1.3909
610600,33.96718800000001,0.8075052,0.0783432,31.267879200000007,0.8169984,0.0742608,360.82460000000003,5.5166,2.1321
520500,121.87590480000001,3.288276,0.305532,122.2917264,1.9759788,0.3608388,462.6214999999999,7.1488,3.2412
622900,22.538379599999995,0.45441,0.0971028,22.151944799999995,0.412452,0.0672948,378.8882999999999,5.1927,2.49
371000,27.8929656,0.784242,0.072414,30.56211,1.0253304,0.05994,358.8024000000001,5.8522,1.5817
430400,96.15568320000001,4.3458768,0.2987928,90.27369000000002,1.7949924,0.5689116,414.40130000000016,6.7936,3.1222
532800,16.572502800000002,0.4033476,0.035316,20.504663999999988,0.6988356,0.0419904,328.9016000000001,5.1294,1.9347
340300,57.529569599999995,2.3944572,0.0998568,56.086538399999995,1.1111904,0.164592,366.77230000000014,7.0133,1.6407
450900,80.44991280000002,4.2371748,0.1895724,74.99825640000002,1.6036704,0.35316,373.9853000000001,6.3794,2.2605
510300,49.4212752,1.9638936,0.1716552,48.78134279999999,0.9824976,0.2350944,405.8743999999999,6.5233,3.0569
360800,55.441746000000045,2.72322,0.0701136,48.8937384,0.8499168,0.2510676,365.2934,6.7211,1.939
211300,30.743614799999992,1.2971016,0.0764316,29.588295599999995,0.6672132,0.0948672,430.49410000000023,6.1888,2.5204
620900,22.640634000000002,0.4415472,0.0587736,16.482204000000003,0.3707208,0.0482112,337.24260000000015,4.6804,1.9304
420200,31.817091599999998,1.406484,0.0535248,28.388393999999987,0.8686764,0.0501552,275.32790000000006,6.068,1.1813
522600,57.6731664,1.6768296,0.1133676,51.410181599999994,0.9281628,0.1291464,407.12229999999994,6.3664,2.397
530800,25.772223600000004,0.7141932,0.0740016,24.732572399999988,0.5259816,0.0886464,420.1350000000001,5.4986,3.0201
330100,290.9418264000001,6.0349212,0.433026,299.94938279999985,12.0841956,0.2471148,349.82210000000003,6.5824,0.8271
440700,87.4639944,1.675404,0.2671056,84.1250772,2.53611,0.1990008,341.0480999999999,5.317,1.6728
350600,75.45859560000002,2.344464,0.1728864,71.34460560000001,1.5348204,0.266004,342.50059999999985,4.9232,1.9367
610700,32.96917079999999,1.165914,0.0469152,29.363050800000007,0.542052,0.086994,390.5346,6.0007,2.4979
520600,57.498433199999994,1.7492436,0.1306692,54.0050004,1.1105424,0.1610928,456.2258999999999,7.3999,3.0719
623000,7.657448399999998,0.2035692,0.0136404,8.2540296,0.2189916,0.0130572,281.17300000000006,4.0844,1.6441
371100,43.08535800000003,1.1497788,0.1242216,39.84192359999998,0.898938,0.1460916,380.4999,5.8522,1.9223
430500,86.64923160000001,4.2368508,0.208332,81.72750959999999,1.6484796,0.4744332,399.23710000000005,6.9488,2.99
532900,50.6344932,1.5955056,0.1399032,44.63841959999997,0.919998,0.1688688,353.83000000000004,5.0317,2.5257
340400,55.22476320000002,2.3965632,0.1034208,54.3160728,1.0219932,0.1863648,374.3767000000001,6.5094,2.0577
451000,54.8151948,1.7381304,0.1325484,50.085345600000004,0.9397296,0.1879848,445.52909999999997,6.4975,3.1147
510400,17.351042399999997,0.5008392,0.0465912,17.807137199999996,0.497016,0.053784,353.1020999999999,5.1955,2.0765
360900,71.53388639999997,2.9620404,0.1053,67.8896964,1.253232,0.2132568,370.867,6.7757,1.726
211400,33.11928000000001,1.1284272,0.0909792,31.232595599999993,0.6067872,0.1034208,392.1317000000001,5.9529,2.0465
621000,21.85350839999999,0.8715276,0.0423792,22.265992799999996,0.4191912,0.0645408,336.50089999999994,5.1845,2.0442
522700,76.32613799999996,1.83789,0.154872,73.83639240000001,1.270242,0.1737936,403.49059999999986,6.173,2.6011
420300,25.057479599999994,1.229418,0.0505764,22.248788399999995,0.6312168,0.0497016,275.30060000000003,5.8277,1.1399
530900,18.590666399999996,0.4544748,0.0747792,19.496602800000005,0.3727296,0.0870588,433.3224999999998,5.7144,3.4654
330200,141.50972159999995,2.4936984,0.3434076,162.57578040000004,7.9488216,0.1301184,374.4941999999999,6.6523,0.9742
440800,91.28881439999999,4.7011428,0.2908548,79.0700616,1.336986,0.47547,397.2460999999999,6.0973,2.9975
350700,35.47019160000001,1.5395184,0.0489564,31.13779319999999,0.556956,0.1263924,317.7181,5.053,1.2187
610800,67.43904480000002,1.3421052,0.2206764,62.114590800000016,1.3733388,0.2383668,391.1879,5.7656,2.3984
410100,289.53786960000014,6.7763304,0.534438,288.03337559999994,12.3805908,0.3668976,303.49510000000004,6.2597,0.9255
430600,80.76743280000005,3.1775004,0.1810188,76.02417000000004,1.30734,0.2988252,349.2012000000001,6.0843,1.836
340500,46.63992959999999,1.321758,0.1089936,47.223777600000005,1.1463444,0.1424628,395.2065999999998,5.955,2.0447
451100,31.40233919999999,1.5737328,0.0742932,26.25235919999999,0.5084856,0.1067904,383.58900000000006,6.2178,2.3613
510500,70.92421559999997,2.33361,0.202176,70.40636640000001,1.2863448,0.2693736,391.3101999999999,6.4545,2.26
361000,48.73141440000001,2.1985344,0.057186,43.68258719999999,0.7501896,0.1961496,392.2889999999999,7.4005,2.0557
621100,35.57694959999999,1.1504268,0.0893268,32.85638639999999,0.5382936,0.1218564,354.71070000000014,5.2949,2.3402
330300,103.6617588,2.4470424,0.0324972,128.07995400000001,6.0144444,0.0463644,276.88540000000006,5.3901,0.6558
440900,87.9465276,5.0715396,0.1861056,81.08744759999999,1.6487064,0.4462452,380.44339999999994,6.4921,2.5214
350800,35.7186348,1.8609588,0.065772,33.377605200000005,0.5984604,0.1828332,375.7924999999998,5.4525,2.3835
150100,60.8596416,1.491048,0.1899612,63.19937520000003,2.0099016,0.1302804,358.7288,6.5941,1.625
610900,29.7894672,1.1058444,0.0594216,26.510004,0.4841532,0.0920484,388.9477,5.9921,2.1175
410200,76.42926720000001,2.7103896,0.1297296,75.28182120000001,1.5604812,0.1798524,366.65530000000007,6.4052,1.7469
320100,218.251422,5.1056568,0.6078564,218.9738124,9.5041836,0.316872,352.8581999999999,6.5088,1.3857
371300,106.793964,3.274992,0.2288088,107.2347336,2.230902,0.342954,366.46900000000005,5.8469,1.481
430700,68.7115872,3.1985928,0.1863324,66.60179639999996,1.1953332,0.3902256,374.2348,6.3435,2.3298
533100,14.667220799999999,0.275238,0.0263412,15.596420400000001,0.412776,0.034182,316.8043,4.3058,2.1377
340600,41.2229088,1.405998,0.0937332,41.645048400000015,0.926802,0.1386072,356.37160000000006,6.3959,1.625
451200,49.7181564,2.096766,0.0812916,47.78475120000002,0.8155404,0.1498824,408.40780000000007,7.0166,2.6483
152200,14.760824400000002,0.3923316,0.0346032,14.805828000000004,0.352998,0.0475956,402.96540000000005,6.0528,2.4999
510600,78.64801919999995,2.5212708,0.1677348,77.56300800000002,1.5679332,0.2284524,350.1672,5.3222,1.9073
361100,89.41849200000003,4.180086,0.077922,78.86801520000002,1.4995044,0.1607364,383.845,7.2525,1.6979
621200,21.305235599999996,0.64071,0.0420552,20.462382000000005,0.3618756,0.0566028,342.14800000000014,5.168,2.1708
420500,38.39425919999999,1.7332704,0.086184,32.4344736,1.033074,0.0851472,286.78619999999995,5.7512,1.3829
330400,123.58477799999996,2.6177904,0.1664712,130.39694280000003,4.0299768,0.1433052,354.2075,6.1396,1.2982
445100,38.85323759999999,1.1104452,0.1459944,36.810288000000014,0.9135828,0.1806624,288.08009999999996,4.176,1.6699
654000,19.394963999999995,0.5979096,0.0219996,20.594217599999993,0.5404644,0.0240732,254.82569999999998,4.7027,0.6088
350900,38.8393704,1.4739084,0.0753948,36.87486119999999,0.7362576,0.1421712,334.6604000000001,4.9148,1.7674
150200,40.77484919999998,0.9580356,0.1282392,42.92539920000003,1.06191,0.1125252,413.67359999999996,6.5908,2.3036
611000,28.462104,1.187136,0.0309096,24.72638400000001,0.4517532,0.0418932,350.05659999999995,5.704,2.222
410300,71.39297880000001,2.2919112,0.1200744,70.78460399999997,1.8003384,0.1638144,336.62409999999994,5.841,1.3247
320200,170.14192560000004,3.3586164,0.2742336,177.29882639999994,6.3557784,0.249642,398.1487999999999,6.7767,1.4424
371400,85.11706800000002,3.0948804,0.2082672,83.25698399999997,1.6957512,0.2578068,389.65279999999984,6.1242,1.9024
430800,22.846924800000007,0.8492364,0.0578988,22.8663648,0.4909572,0.0995328,419.75460000000004,6.6426,2.452
230100,109.60126200000003,3.1805136,0.214974,102.40544880000004,3.6871524,0.2135808,281.56730000000005,5.7564,1.1925
340700,27.889174799999992,1.1439792,0.0603936,26.423593200000006,0.532656,0.1048788,438.0434,6.7939,2.674
451300,43.209612,1.6949412,0.0786348,42.1968528,0.7794792,0.171396,408.67620000000005,6.9237,2.3294
510700,84.08260079999998,2.8048032,0.1903176,86.22126000000004,1.9975248,0.2861892,383.6019999999999,5.8475,2.2784
310000,393.8792183999998,9.5546952,1.5252624,436.1661108000001,22.5761256,0.6071436,361.75059999999985,6.961,1.4803
420600,45.48836880000001,2.4482088,0.0829116,39.029461200000014,1.1191608,0.08586,285.4080000000001,6.2025,1.2782
330500,78.9652476,1.8515304,0.0418608,77.57888399999999,2.2457088,0.0591948,368.87159999999994,5.9371,1.2364
445200,77.81109479999998,3.2723028,0.2487348,72.02937960000003,1.2319128,0.3798576,310.7523,4.0786,2.3239
150300,18.955490400000006,0.4128732,0.0406944,18.76889880000001,0.3999456,0.0390744,416.4704000000001,6.3997,2.2108
410400,60.09215039999999,2.1045096,0.0893916,59.84678520000001,1.1875896,0.127008,354.3734000000001,6.2307,1.4265
820000,23.01550200000001,0.8821548,0.0190836,17.831890800000004,0.602478,0.0176904,238.10129999999992,4.1478,0.8809
320300,122.69403720000004,4.5912744,0.2460132,117.92777039999999,2.2808304,0.3751272,380.0582,6.291,1.601
371500,67.77856439999998,2.290518,0.1748628,68.54780519999998,1.5581808,0.2620836,380.97440000000006,6.0705,1.8894
430900,72.02996279999999,2.9127276,0.2085588,70.86839040000001,1.2746808,0.3363768,376.9591,6.2193,2.3545
533300,6.14223,0.1206576,0.0137376,7.160237999999999,0.1761264,0.0145152,282.0468999999999,3.6523,1.8266
230200,34.05453839999999,1.289682,0.0674244,34.00240679999998,0.818586,0.1088964,307.7802,5.6105,1.4889
340800,67.68233640000001,3.2705208,0.1024488,59.71763880000002,1.1256732,0.269082,440.4681,7.5391,2.6323
140100,132.7369032,3.2488452,0.3736368,130.78444680000004,4.9247676,0.2600424,297.59690000000006,5.8871,1.2612
451400,35.16822359999999,1.2353472,0.044874,35.251848,0.9639972,0.0919512,391.1002000000001,6.0758,2.4089
510800,43.26129,1.6968528,0.128304,41.466427200000005,0.8221176,0.197964,451.95390000000003,6.928,3.6653
420700,20.947895999999993,0.838674,0.0325944,20.599012799999993,0.8039088,0.033048,203.89999999999986,4.6047,0.9437
330600,100.22897880000002,1.9765296,0.0932472,103.53957840000002,3.166128,0.1387692,370.2854,6.0782,1.3315
441200,80.47719359999995,4.0845708,0.099306,69.5047716,1.5308028,0.18873,290.78360000000004,4.6695,1.4732
445300,43.541290800000006,1.890702,0.0611712,35.95995000000002,0.6077268,0.1468692,363.7812999999998,5.2076,2.7247
650100,77.1407712,2.0143404,0.0828792,80.11878480000004,3.1851468,0.0786996,224.84760000000006,4.8343,0.3003
654200,20.107342799999994,0.7726104,0.0291276,20.685682800000002,0.472878,0.0299376,215.71560000000008,3.8757,0.7216
150400,37.443772800000005,1.3247388,0.0915948,34.988565599999994,0.6686712,0.1072116,380.8089000000001,5.9639,1.7317
410500,66.15756000000005,2.2517028,0.134622,68.24505960000002,1.5327144,0.2036016,324.10550000000006,5.9141,1.3887
320400,116.97161399999996,2.2590576,0.2164968,121.39563959999997,4.5718668,0.1653048,386.59430000000003,6.702,1.3207
371600,59.8579308,1.4342508,0.1299564,60.79749840000001,1.37781,0.1738584,403.38180000000006,6.204,2.0366
422800,37.82168639999998,1.712502,0.1088316,29.591503200000002,0.993384,0.1076976,355.7064000000001,6.7414,2.1625
431000,60.58252439999998,2.9812212,0.1313172,52.5914856,0.9952632,0.2625372,378.85149999999993,6.3523,2.3015
533400,6.789322799999998,0.1407456,0.0230364,7.007731199999999,0.1830276,0.023004,297.90290000000005,4.1466,1.9072
230300,8.301301200000001,0.3255552,0.010044,9.076633200000003,0.220806,0.023328,275.9898,5.167,1.1804
140200,42.2843004,1.2344724,0.158922,44.284968000000006,0.8847792,0.2096604,364.2097,5.3955,2.4391
152500,15.3251352,0.3760668,0.041148,15.386922000000006,0.4127112,0.0428004,357.9005000000001,5.7986,1.889
510900,52.223389199999964,2.5260012,0.083916,52.07376600000001,1.2985272,0.1572048,380.85729999999995,7.4159,1.9533
420800,29.2698684,1.52037,0.0651564,25.462349999999997,0.6770304,0.0676512,291.95789999999994,6.0122,1.5762
220100,118.94950439999997,2.7441828,0.393498,119.82132360000003,4.4574948,0.3403944,377.4944,6.1182,1.7909
330700,122.30092799999998,2.2172292,0.0972324,133.14935520000003,5.7820392,0.1203984,314.17619999999994,5.5834,0.7983
429004,18.882396000000007,0.9385632,0.0379728,15.343117199999996,0.4380804,0.0357372,259.83610000000004,5.5174,1.2675
429005,12.978791999999995,0.5380344,0.0339228,11.405415600000001,0.306666,0.0337608,258.3808,5.4205,1.2094
429006,19.6497576,0.956286,0.03969,15.119751599999999,0.451332,0.0478872,319.41810000000004,7.3367,1.9038
433100,38.31918840000001,1.3542876,0.114048,36.1897956,0.6560676,0.1515672,432.4265,6.7671,3.0197
441300,190.35375839999998,4.2626736,0.716526,188.7853716,6.1228872,0.5080968,252.61199999999985,4.3654,1.2925
650200,9.015299999999995,0.2180196,0.0099468,10.061690400000005,0.3436344,0.0107892,262.54940000000005,5.5251,0.4719
654300,6.097518000000001,0.168318,0.0089748,6.5210508,0.1780704,0.008748,217.1767,3.6763,0.8778
429021,1.4904324000000009,0.0617544,0.002754,1.4069376,0.057024,0.0028512,287.1566999999999,5.2831,1.6106
150500,28.45005119999999,0.7595532,0.0768204,28.666418400000005,0.6344568,0.0932148,385.8387,5.9159,2.1605
410600,22.484757599999995,0.6787152,0.0414396,22.3412904,0.50301,0.0582552,343.9132,6.0493,1.4289
320500,322.2443736,6.0715332,0.9588132,349.82477640000013,16.1912844,0.4888512,386.4764999999999,7.025,1.3411
371700,92.85499799999997,4.0597848,0.1848744,90.4077936,1.57545,0.3421116,364.1924999999999,6.149,1.9928
431100,70.0415748,3.3696972,0.1904472,65.06649000000002,1.3913208,0.3441528,414.51530000000014,7.4362,2.9185
230400,6.4448783999999995,0.243162,0.0094608,7.109175599999998,0.1827684,0.0161676,335.97630000000004,5.4858,1.7007
341000,21.38775839999999,0.8679312,0.0315576,18.409032,0.3793068,0.0565704,423.91889999999984,6.5525,2.29
140300,17.3305656,0.452952,0.0448416,18.775054799999992,0.4729752,0.06723,358.6408,5.4893,2.0239
652300,36.51622559999999,1.2867336,0.049248,39.52822680000002,0.9919584,0.0564084,233.04120000000006,4.2594,0.6485
810000,22.512848399999992,0.960174,0.0241704,18.521362799999995,0.7985952,0.0260496,161.98110000000003,2.8099,0.9542
511000,66.13585200000003,3.000078,0.1657908,65.24310240000001,1.4401476,0.263736,367.08200000000016,6.4857,2.3037
420900,52.89458760000001,3.0084048,0.0925344,42.96402,1.1644884,0.0944784,271.8563000000002,5.9112,1.3667
220200,38.79656999999998,1.3310892,0.1269432,40.11275520000001,1.064826,0.169614,378.7363,5.6245,2.2751
330800,42.98948640000001,1.8536364,0.0404676,34.26057,0.64962,0.0850824,424.77839999999986,6.2569,1.8597
130100,132.99344639999998,3.2844528,0.3659256,138.2515128,4.0872924,0.3948264,336.96789999999993,5.9427,1.7145
441400,58.606124399999985,4.0411872,0.0982368,53.0162172,1.335366,0.2874852,360.92549999999983,5.7387,2.5394
150600,63.99955799999999,1.2187584,0.176742,63.474289200000015,1.6654248,0.146448,427.3673999999999,6.8018,2.4122
410700,78.22753199999998,2.3254776,0.1610604,81.2971728,1.85004,0.1996488,348.29439999999994,5.834,1.3671
320600,103.87180800000004,3.3400512,0.2032128,106.0512912,2.5774848,0.3080268,410.4825,6.1915,2.0667
431200,61.936164000000005,2.4242652,0.1631988,54.46582560000002,0.9971424,0.2312064,376.6702,6.1864,2.4867
230500,10.2331188,0.347328,0.0130572,11.044025999999997,0.2495448,0.024786,294.04349999999994,5.3463,1.2149
640100,67.801698,1.4797728,0.2047356,69.46478999999997,2.4040476,0.1340388,349.75079999999997,6.2664,1.6722
341100,84.85258680000003,3.7395108,0.1599264,72.69192719999998,1.377324,0.2094012,405.7077999999999,6.3638,2.2581
140400,36.683118,1.0802484,0.1011852,33.928956,0.8405208,0.1139184,348.4392000000001,5.4412,2.1596
511100,50.05770839999999,1.7967744,0.125712,49.24628280000001,0.9969156,0.1601532,383.1136000000001,5.5638,2.6007
421000,63.01670400000001,3.4767792,0.1165428,53.4148668,1.4613696,0.120204,296.8435000000001,6.2194,1.4994
220300,49.69793880000001,1.7179128,0.1302804,48.509539200000006,1.137078,0.1763532,344.37919999999997,5.4071,1.913
330900,21.737710800000006,0.4900176,0.0460404,22.008380399999997,0.6240888,0.0452952,387.2002,6.2207,2.0148
130200,78.390018,1.8977652,0.2009448,78.01404839999998,2.2056624,0.200718,368.39539999999994,5.9061,1.8941
441500,40.53207600000001,1.8710676,0.0989496,36.1068192,0.6715872,0.1836432,316.86410000000006,4.2262,2.3879
650400,11.019337199999999,0.3148308,0.022842,7.937999999999998,0.2226204,0.0173988,250.05660000000023,4.4221,0.9532
150700,13.822455600000007,0.4149468,0.0297432,15.5028492,0.4129056,0.0459108,355.84590000000003,5.4938,2.1962
410800,44.42085359999999,1.2809016,0.0717984,50.39013240000002,1.27899,0.1097388,351.0830999999998,6.0792,1.5107
513200,15.469444800000007,0.5564376,0.0237816,14.291024400000003,0.4395384,0.0247212,289.78819999999996,4.1713,2.0884
210100,160.29439920000002,3.4730532,0.5448384,154.81218959999993,6.3455724,0.356076,373.3907000000001,6.3295,1.7228
419001,10.287745200000002,0.2492208,0.0142236,10.569430799999997,0.2742984,0.0225504,380.2542999999999,6.686,1.4012
320700,60.4685412,2.5674408,0.1188432,59.81101559999996,1.1677284,0.18387,352.19250000000005,6.2805,1.5711
120000,178.20207359999992,4.458564,0.5415012,192.407076,7.012818,0.359802,332.69940000000014,6.3527,1.4763
222400,13.191951599999992,0.4037364,0.028512,12.862119599999998,0.364338,0.0299052,351.6318999999998,5.5574,1.7037
431300,60.289725600000004,2.4373548,0.1481652,59.527969200000015,1.0185912,0.2806812,382.55599999999987,6.4531,2.2237
230600,31.776235199999995,0.9029232,0.0652212,35.075267999999994,1.1541528,0.0835272,336.80269999999996,6.1595,1.6995
640200,19.354885200000002,0.65529,0.0287712,18.820998,0.4232088,0.0494424,397.77469999999994,5.9342,2.4146
341200,118.60036199999998,5.6908008,0.2438424,112.59673919999996,1.8548028,0.4141044,423.26720000000023,8.2553,2.2791
140500,21.616470000000003,0.6277824,0.0232308,19.833303600000004,0.4844448,0.03402,345.9067,6.0448,1.2308
421100,71.49584880000006,4.3310376,0.1094796,53.05240800000001,1.6378848,0.1028376,308.1738000000001,6.4569,1.6993
220400,13.465861200000003,0.452142,0.0397872,13.761122400000003,0.3430188,0.0582876,379.4599999999999,5.7393,2.0429
331000,75.87837000000002,1.7346312,0.0337608,87.77594159999998,3.4649208,0.0687204,345.6085,6.0352,0.866
232700,2.429157600000001,0.089262,0.0025596,2.6005860000000007,0.0867024,0.0049248,255.7489,4.8178,1.4171
130300,34.400214000000005,0.9455616,0.1004076,36.17968680000002,1.1566152,0.0818424,354.59070000000014,5.7787,1.813
441600,51.551348399999966,2.4997248,0.0948996,46.59401880000001,0.8894124,0.215946,328.37110000000007,4.992,2.1401
650500,11.533784400000002,0.3263652,0.0159732,8.197783199999998,0.221778,0.0182088,270.8925,4.9601,0.8005
150800,21.05514,0.7506108,0.0304236,20.949807599999993,0.5365116,0.0710532,417.5509999999999,6.4751,2.0485
410900,49.48695,1.7811252,0.0980424,49.807062,0.916434,0.1311876,353.9218999999998,6.5463,1.3003
513300,11.793891599999997,0.263736,0.0324972,10.9513296,0.3030048,0.0276372,241.82270000000008,3.4288,1.7288
210200,58.084127999999986,1.3596984,0.1585008,64.63233,2.7114588,0.1121688,379.1906000000001,6.3619,1.5559
320800,70.93506960000002,3.2602824,0.1170288,68.87511000000002,1.5669936,0.1926828,393.9645999999999,6.3486,1.769
230700,7.241335199999997,0.323838,0.006642,7.305843599999998,0.1753488,0.0157464,272.13019999999995,4.8333,1.3527
640300,34.922728799999994,0.875772,0.0897804,34.871634000000014,0.7560864,0.1072764,360.2489999999999,5.6659,1.9069
341300,98.58879360000003,4.3069968,0.1811808,96.5790216,1.6932888,0.3497904,386.80579999999986,7.7168,1.9654
140600,29.111950799999995,0.750222,0.1106784,27.45060839999999,0.554526,0.1216296,368.99070000000006,5.5075,2.4024
152900,12.6465624,0.2498364,0.0207684,11.625379199999998,0.2829816,0.0195372,382.28489999999994,5.7514,2.3617
460100,91.39362839999998,1.9592928,0.2940948,96.13737719999996,4.1812848,0.2517804,310.13570000000004,6.045,1.2675
511300,90.78039359999995,4.3376796,0.1727244,92.22779880000002,2.0558124,0.4076568,415.61039999999997,7.5519,2.5994
421200,30.01364279999999,1.6252812,0.0468828,24.3363204,0.701784,0.0466236,312.42480000000006,6.6697,1.4252
220500,19.2681504,0.6974748,0.0406944,19.40701680000001,0.4875552,0.0566028,338.89000000000004,5.4032,1.6387
630100,58.59941759999999,1.2518388,0.1518264,59.4282744,1.3231512,0.1442124,342.9648000000001,5.3755,1.5386
331100,30.95146080000001,0.910602,0.0133812,28.839628800000003,0.7600716,0.0307476,332.5528,5.3136,0.9794
130400,91.43118,3.4095816,0.2580984,92.87492400000001,1.7983296,0.4049352,354.5585999999999,5.9318,1.8626
441700,35.28521999999999,1.5555888,0.0976536,31.724200800000002,0.5842368,0.1462212,386.0767,5.4563,2.877
150900,39.307842,1.4745888,0.083754,35.723462399999995,0.7773732,0.135432,422.45829999999995,6.0946,2.6456
411000,68.28338880000003,2.1974328,0.1555848,66.0118896,1.3494924,0.199746,384.3137000000001,6.457,1.523
513400,46.78161480000001,1.2472056,0.2224584,47.301083999999996,0.894726,0.2271564,380.76120000000003,5.1096,2.7552
210300,46.69624080000001,1.3062708,0.1361124,48.914150399999976,1.0901628,0.141588,402.41890000000006,6.1356,2.0581
320900,98.17242120000003,4.6180044,0.1887624,94.63366079999996,2.7049788,0.3287628,420.63330000000013,6.1112,2.5829
632200,6.1385688,0.1989036,0.013284,6.4940940000000005,0.1626804,0.0120852,309.47850000000005,4.1889,2.0647
230800,21.011075999999992,0.6301152,0.0387828,20.2050288,0.5824872,0.0515808,307.7485,5.4885,1.3142
640400,17.570163599999997,0.6064956,0.0431892,17.111509200000004,0.3460968,0.0590328,388.24519999999995,6.1452,2.5605
140700,71.5446432,1.8661428,0.2119932,73.51670160000003,2.0384136,0.235872,312.2187,5.1031,1.8761
652700,6.8865552,0.2066148,0.0092988,6.9536556,0.1713636,0.00972,237.1466,4.5821,0.5321
460200,45.67052160000001,1.3289508,0.0926964,51.139706399999994,1.8013752,0.1368576,365.4140999999999,6.7993,1.6067
511400,74.46122640000003,2.5744068,0.151146,69.57452879999997,1.3476132,0.1993896,350.54110000000003,5.6091,1.8418
110000,405.91027799999983,13.858452,1.539648,447.4883555999999,23.9144724,0.8073108,298.5733,6.6375,1.3431
370100,164.21952959999996,3.8707956,0.4350672,163.10555279999997,6.3864288,0.3195288,373.8339,6.3945,1.6758
421300,21.667013999999995,1.2881916,0.0298728,17.545733999999996,0.5271156,0.0310068,266.1675000000001,5.8408,1.1908
220600,9.112823999999998,0.3762612,0.0126684,9.562374000000002,0.250776,0.0219672,349.8120000000001,5.306,1.8043
630200,37.63179000000001,0.8887644,0.09963,35.6247072,0.6459264,0.1179036,338.18829999999997,4.8517,1.9104
130500,75.39463799999996,2.8281312,0.1518588,74.81522880000004,1.7485632,0.2437128,328.54980000000006,5.7471,1.4716
540100,16.024845599999995,0.3635604,0.053298,18.368240399999998,0.5057316,0.046656,247.71229999999986,4.08,1.5425
441800,100.80965160000005,4.4856828,0.2878092,72.76654439999999,1.3384116,0.326592,346.3639,4.897,2.393
411100,42.628323599999995,1.3941396,0.1110348,42.06709080000001,0.8279496,0.1463184,349.7863999999998,6.2512,1.5337
210400,25.14790799999999,0.773712,0.0690444,26.187008400000003,0.57105,0.0811296,379.57380000000006,5.5384,2.2454
321000,72.2740968,2.1775068,0.1238004,71.536932,1.7222868,0.1711692,402.8687999999999,6.2368,2.0357
632300,5.137279200000001,0.1347192,0.0173664,5.3594136,0.1170936,0.017496,297.8961000000001,3.99,2.2552
230900,4.976218800000001,0.1823148,0.0086832,5.704473599999999,0.1478736,0.014256,312.9538,6.1719,1.4604
640500,23.263005600000003,0.7001316,0.0576396,22.308372000000006,0.4551228,0.0747468,376.33340000000004,5.6095,2.3343
341500,79.55346960000003,3.5907948,0.150498,72.00446400000001,1.3158612,0.254664,420.6527000000002,7.1285,2.3336
140800,50.02952040000001,1.875636,0.0898776,50.20804440000003,1.0515096,0.1634256,351.53400000000005,5.8811,1.6192
652800,16.8919992,0.4248612,0.0279936,16.857331199999997,0.5358312,0.030294,234.84709999999993,4.3716,0.6286
460300,0.18723960000000003,0.0077436,0.0002592,0.20097719999999997,0.009072,0.0003888,313.61289999999985,6.4639,2.0421
511500,67.64209560000002,2.3107356,0.2024352,66.2902056,1.2156804,0.2670084,409.7903,6.423,2.8806
370200,123.87595680000001,2.5507548,0.4751784,133.45061040000002,5.6552904,0.2461104,370.6817999999998,6.4751,1.4947
220700,34.23406680000001,1.1967264,0.0979776,34.582042799999996,0.8671536,0.130086,409.9226,5.8785,2.4619
130600,117.31492440000001,4.0152024,0.2290356,119.81082599999993,3.4231896,0.302616,287.13970000000006,5.2587,1.2619
540200,4.3802856,0.1538352,0.0094284,4.516786799999998,0.1163808,0.01215,268.97940000000006,3.7253,2.1205
441900,393.4565280000001,6.8923548,1.2971988,431.9727084000001,21.6721656,0.7532676,230.04849999999996,4.2829,0.7304
450100,172.068462,4.25493,0.5221908,167.53725720000003,6.0841692,0.4405104,335.1042999999999,5.8115,1.7189
411200,28.689778799999985,0.8896068,0.0637632,25.290986399999994,0.5443848,0.0681048,364.249,5.7952,1.6107
210500,16.094797199999995,0.5670648,0.0285444,16.97283719999999,0.3983256,0.0381024,383.93310000000025,5.7931,1.8584
620100,91.96691400000002,2.072466,0.2774088,87.86008440000003,3.0306636,0.1660824,292.7181,5.198,1.205
321100,74.20218839999995,1.6636104,0.1586952,76.18698000000002,1.8520812,0.1786536,387.91939999999994,6.1738,1.7592
231000,15.799114800000002,0.5668056,0.0423792,15.934741199999998,0.3993624,0.0557604,297.5672,5.2824,1.5355
341600,84.0419388,3.8842092,0.1966032,82.07869320000002,1.5109416,0.3124008,465.02170000000007,8.8778,2.9495
140900,45.727415999999984,1.3576248,0.112104,42.754586399999994,0.9154944,0.17253,330.4442000000001,5.0482,1.8372
652900,16.917821999999997,0.4674348,0.0195048,15.582034799999999,0.4786452,0.0203796,291.3048,5.1011,1.129
460400,18.424551599999994,0.605718,0.0457488,18.64872720000001,0.3873096,0.0642492,381.0561,5.7885,2.3253
511600,58.68842039999998,2.6607204,0.1134,57.898054800000004,1.23039,0.218052,398.1364999999999,7.323,2.2858
370300,63.99518399999999,1.4557968,0.1834164,65.55517920000003,1.6699284,0.1839348,395.1185000000002,6.3305,1.9547
220800,19.044460799999996,0.644922,0.0368712,19.504249199999997,0.4640652,0.0665496,370.948,5.4899,2.0675
130700,45.123868800000004,1.8043884,0.121014,44.4501432,1.1820168,0.1748304,333.87820000000005,5.3764,2.0207
540300,3.4753536000000014,0.0762048,0.0150012,3.8685924000000003,0.126036,0.0134784,234.9446000000001,3.526,1.9309
442000,170.71641,2.9502468,0.5447412,187.5796056,6.7360248,0.3794364,279.4331,5.2146,0.8193
450200,65.79370799999998,1.6035732,0.2134836,64.22078520000002,2.2888008,0.1862676,373.2311999999998,5.8187,2.0647
360100,107.37852480000001,2.9305152,0.2545344,111.92272200000005,3.6357012,0.2175984,296.7578,5.7116,1.1568
411300,87.2170092,4.330746,0.1717848,80.10226080000001,1.3731768,0.2222316,339.0604,6.644,1.7278
210600,16.736770800000006,0.7046028,0.0317196,17.598384,0.4391496,0.0437724,388.84270000000015,5.9547,2.0854
620200,10.854486000000007,0.2198664,0.0352512,11.169187199999998,0.2885868,0.0341496,387.49289999999996,5.6421,2.5509
321200,83.78406719999998,2.7695196,0.118908,79.36253640000002,1.558926,0.2330856,416.01199999999994,6.2352,1.8165
530100,218.40788159999994,4.048056,0.8054316,214.3362708,7.7217948,0.4938408,316.54469999999986,5.4512,1.4128
632500,9.1133424,0.2046708,0.01863,8.041615200000003,0.1732752,0.0174312,354.8574999999999,4.65,2.5218
231100,10.351962,0.34506,0.0165888,10.845413999999998,0.2564136,0.0258552,262.2157,4.8316,1.1116
341700,27.642772799999992,1.0430208,0.0472068,24.033088800000005,0.4580388,0.0877392,422.9669999999999,6.523,2.3395
141000,49.14302400000002,1.586952,0.1288872,48.39173279999998,0.9368784,0.1936872,370.20779999999996,5.6948,2.3431
653000,4.242391200000001,0.1041012,0.0082944,5.513508,0.1528956,0.0094608,343.0726999999999,5.5489,1.7296
511700,74.27366280000003,3.500982,0.1660176,71.58789720000001,1.5267528,0.3159972,384.0437,7.2048,2.2796
370400,47.03252040000002,1.7423424,0.0901692,49.04601840000001,0.982692,0.1730808,393.7631000000001,6.4854,1.9398
130800,33.687835199999995,1.4094324,0.0733212,31.809574800000004,0.8230896,0.0710532,340.08369999999996,5.4459,1.8534
540400,3.4134371999999984,0.0872532,0.0092016,3.0874608000000006,0.1057212,0.0052488,214.2156,3.2769,1.5836
450300,71.4838608,2.7667656,0.2117016,60.88167359999999,1.413612,0.2508408,365.8657999999999,5.7331,2.1864
360200,25.128208800000003,0.8400348,0.0249156,23.859068399999998,0.6441768,0.0513864,380.58250000000015,6.2438,1.5583
411400,110.00376720000006,4.7689236,0.2583576,106.60445639999999,1.6802316,0.4263192,415.93649999999997,7.7302,2.3191
210700,43.31565720000001,1.3927464,0.1277856,43.15012559999999,0.917406,0.1559736,383.72300000000007,5.6624,2.198
620300,6.842394,0.1502064,0.0172692,6.773122799999999,0.1502388,0.0185004,403.4646999999998,5.4505,2.4781
321300,74.6678412,3.1741308,0.1209816,72.34677000000003,1.375704,0.2129004,416.2176,6.5725,2.0969
632600,1.8670500000000003,0.0394308,0.002592,1.8207827999999997,0.0695304,0.0019116,227.07359999999997,3.3789,1.4168
231200,48.5432352,2.0991636,0.0856332,48.262554000000016,1.2558888,0.1512432,298.7814,5.7058,1.6217
440100,532.58796,10.5304536,2.4629508,579.007602,22.0308984,1.1997072,254.37980000000005,5.0258,0.9329
542500,0.3471336,0.0084564,0.0014904,0.4809131999999999,0.0168156,0.001134,173.057,2.6877,1.4309
341800,44.245601999999984,1.5220224,0.083268,40.80255120000001,0.7836912,0.1323216,444.63630000000023,6.1397,2.5689
141100,54.476550000000024,1.5603516,0.1566864,54.98746559999999,1.1454696,0.2105352,351.67209999999994,5.3395,2.2416
653100,12.871677600000002,0.3738312,0.0171396,13.6735128,0.434808,0.0176904,374.53569999999996,6.1845,1.7688
610100,291.173778,6.690762,0.3895128,304.82765639999985,12.4744212,0.407916,285.0167,5.7995,0.8439
511800,27.45679679999999,0.8743464,0.0857628,23.755453200000005,0.46737,0.0768852,358.5095,5.4236,2.1278
370500,35.6095764,0.7859268,0.0695952,37.04820120000002,1.0574388,0.0680076,470.6271,6.8429,2.5932
532300,38.953062,1.2190824,0.105948,35.07150960000002,0.6118092,0.1343628,403.17040000000003,5.3905,2.9193
130900,87.76599480000002,2.7924264,0.2377512,86.8398732,2.24613,0.2301696,342.7269,5.8695,1.5548
540500,5.565834000000003,0.1264248,0.0154548,5.099500799999999,0.1299564,0.012474,234.35529999999991,3.3436,1.8252
450400,44.825464800000006,1.9765296,0.1271376,40.48370280000002,0.76221,0.185976,413.3328,6.512,2.8864
360300,23.72781600000001,0.8560728,0.043416,23.45335559999999,0.4473792,0.09153,358.2031000000001,5.6524,1.5437
411500,78.35833080000002,4.4087976,0.1338444,67.47300000000006,1.5390648,0.210438,352.4271999999999,7.267,1.8997
210800,32.522634000000004,0.8528652,0.0865404,34.953962399999995,0.7178544,0.0939276,442.06050000000005,6.3187,2.2779
620400,23.4574704,0.8367624,0.0444852,22.801273199999994,0.3985524,0.0739692,347.0636,5.1062,1.7619
530300,92.51888040000006,3.0408048,0.3328452,88.325154,1.5035544,0.4221072,442.57509999999996,6.5044,3.0965
632700,2.6760780000000017,0.0562464,0.0083916,2.346634799999999,0.0914652,0.0058968,239.09859999999998,3.6972,1.2907
440200,53.47014119999999,3.2935572,0.120528,43.2087048,0.8434692,0.2106,356.16229999999996,5.1782,2.4067
653200,5.637373200000002,0.1559088,0.0115668,7.2391320000000015,0.2676888,0.0127008,332.5547000000002,4.922,1.4122
350100,98.19267119999999,2.0977704,0.360774,109.48484879999998,4.067658,0.2307528,302.7421999999999,5.4446,1.1831
610200,14.852192399999998,0.4607604,0.0243648,14.226904799999996,0.3104568,0.0301644,329.6796999999999,4.9778,1.5767
511900,45.72718920000002,2.0179368,0.1185192,44.70302520000001,0.9900144,0.2155248,498.66259999999977,8.5049,3.7641
520100,181.96300079999997,3.5250876,0.4177656,175.06698480000003,5.6424924,0.2978208,311.3303000000001,5.4058,1.2285
370600,62.75637000000004,1.8436248,0.1397736,67.96392480000002,2.1914064,0.1390284,361.36949999999985,6.0431,1.6585
131000,141.102486,4.4011188,0.433026,155.8031112,4.7762136,0.3830004,271.93629999999985,5.1087,1.1619
540600,3.6709523999999973,0.0978804,0.0124092,2.8251179999999985,0.088452,0.0081,226.6334,3.4533,1.8284
450500,30.1467096,1.0063764,0.0716364,33.1021404,0.7953228,0.1089612,344.8391,5.7335,1.7205
360400,64.286622,2.6958096,0.0886464,58.396885200000014,1.1468628,0.2011392,358.3114000000001,6.5774,1.5726
411600,135.01303559999994,6.341166,0.2967516,128.6984376,2.1638016,0.5046624,403.78580000000005,7.9795,2.3232
210900,19.28875679999999,0.7279308,0.050544,19.380384000000006,0.446796,0.071604,380.80749999999995,5.7681,2.1057
620500,35.21377800000001,1.2408876,0.0878364,29.84759279999999,0.5638248,0.1217592,316.39669999999995,4.7875,1.6881
530400,41.1957576,0.9269316,0.1234764,40.9556088,0.8074404,0.1425276,388.0024999999999,5.2047,2.5862
632800,12.006792000000004,0.2118636,0.0582228,11.652238800000001,0.2971404,0.0286416,302.4900999999999,4.5329,1.8905
440300,461.117448,8.570772,1.964412,526.2917328000003,27.1716768,0.8472924,257.65259999999995,5.2437,0.7343
350200,127.51603199999998,2.7695196,0.6206544,140.97904199999994,6.903468,0.2317572,334.2971999999999,6.0943,1.0489
610300,46.208393999999984,1.9312992,0.0713448,43.3597536,0.8293428,0.1135944,347.1116999999998,5.3664,1.6304
